{"stats":{"minecraft:killed_by":{"enemyexpansion:huntsman":1,"mekanismadditions:baby_enderman":1,"iceandfire:cyclops":2,"iceandfire:ice_dragon":9,"iceandfire:fire_dragon":3,"iceandfire:dread_knight":1,"iceandfire:gorgon":3},"minecraft:killed":{"minecraft:cave_spider":11,"minecraft:skeleton":38,"creeperoverhaul:cave_creeper":1,"alexsmobs:centipede_head":2,"iceandfire:dread_scuttler":2,"minecraft:pillager":1,"minecraft:zombie":85,"alexsmobs:cachalot_whale":2,"enemyexpansion:vampire":1,"enemyexpansion:botfly":10,"iceandfire:dread_ghoul":3,"minecraft:cow":7,"iceandfire:dread_beast":17,"creeperoverhaul:snowy_creeper":2,"mekanismadditions:baby_skeleton":5,"iceandfire:dread_knight":8,"enemyexpansion:silverqueen":1,"alexsmobs:underminer":1,"iceandfire:cyclops":1,"enemyexpansion:sprinter":4,"minecraft:wandering_trader":1,"iceandfire:ghost":14,"iceandfire:ice_dragon":6,"minecraft:enderman":5,"minecraft:witch":1,"minecraft:spider":22,"creeperoverhaul:dark_oak_creeper":1,"minecraft:silverfish":1,"artifacts:mimic":6,"mekanismadditions:baby_enderman":1,"minecraft:zombie_villager":1,"minecraft:creeper":5,"minecraft:sheep":5,"minecraft:trader_llama":2,"minecraft:stray":3,"enemyexpansion:wasp":1,"minecraft:blaze":2,"enemyexpansion:direwolf":7,"iceandfire:dread_thrall":5,"iceandfire:fire_dragon":2,"minecraft:drowned":1,"enemyexpansion:goblin":1,"alexsmobs:flying_fish":1,"creeperoverhaul:spruce_creeper":2,"minecraft:bat":1,"minecraft:squid":1,"minecraft:wither_skeleton":8,"enemyexpansion:slugger":1},"minecraft:picked_up":{"iceandfire:dread_stone_bricks":1,"minecraft:iron_chestplate":2,"minecraft:chainmail_boots":3,"minecraft:flower_pot":3,"reliquary:fertile_lily_pad":20,"mekanism:raw_uranium":6,"minecraft:lead":2,"minecraft:diamond_sword":2,"minecraft:enchanted_book":2,"refinedstorage:controller":1,"minecraft:brewing_stand":1,"iceandfire:manuscript":5,"minecraft:string":61,"create:limestone":4,"neapolitan:banana_bunch":7,"mekanism:basic_universal_cable":14,"mysticalagriculture:inferium_essence":593,"minecraft:gold_nugget":145,"minecraft:cobbled_deepslate":67,"minecraft:spruce_planks":1,"iceandfire:dragonforge_ice_brick":6,"mysticalagriculture:infusion_altar":2,"valhelsia_structures:light_gray_sleeping_bag":15,"refinedstorage:64k_storage_disk":9,"minecraft:coal_block":1,"upgrade_aquatic:mulberry":1,"minecraft:beehive":1,"minecraft:jukebox":1,"mysticalagriculture:prosperity_shard":631,"create:andesite_casing":4,"mysticalagriculture:inferium_seeds":8,"minecraft:cherry_log":21,"pamhc2crops:whitemushroomitem":1,"alexsmobs:centipede_leg":3,"mekanism:raw_tin":14,"easy_villagers:villager":1,"botania:white_mystical_flower":18,"minecraft:stone_sword":1,"productivebees:sturdy_bee_cage":3,"quark:clear_shard":11,"ars_nouveau:arcane_core":1,"artifacts:villager_hat":2,"farmersdelight:onion":1,"create:ochrum":2,"iceandfire:fire_dragon_heart":2,"tombstone:scroll_of_aquatic_life":1,"minecraft:white_terracotta":30,"ars_nouveau:sourceberry_bush":69,"supplementaries:ash":69,"pamhc2crops:rhubarbitem":5,"pamhc2crops:scallionitem":3,"minecraft:iron_bars":1,"alexsmobs:flying_fish":1,"minecraft:mossy_cobblestone_slab":1,"minecraft:feather":1,"minecraft:cooked_beef":2,"sophisticatedbackpacks:anvil_upgrade":2,"farmersdelight:rice":1,"pamhc2trees:oliveitem":6,"minecraft:water_bucket":3,"minecraft:jungle_log":5,"pamhc2trees:bananaitem":7,"mekanism:block_osmium":11,"minecraft:flint":14,"mysticalagriculture:quartz_enriched_iron_seeds":1,"iceandfire:dragonegg_sapphire":1,"pipez:ultimate_upgrade":1,"botania:white_double_flower":1,"reliquary:nebulous_heart":1,"biomesoplenty:snowblossom_sapling":10,"mysticalagriculture:osmium_essence":2,"ae2:fluix_glass_cable":2,"create:shaft":1,"solarflux:sp_2":2,"artifacts:antidote_vessel":2,"minecraft:glowstone_dust":2,"create:gearshift":3,"mekanism:metallurgic_infuser":1,"pamhc2foodextended:persimmonjuiceitem":1,"relics:hunter_belt":1,"iceandfire:dragonscales_sapphire":82,"iceandfire:dragon_skull_fire":2,"sophisticatedbackpacks:iron_backpack":1,"minecraft:ink_sac":5,"minecraft:dark_oak_log":10,"minecraft:barrel":7,"iceandfire:chared_cobblestone":7,"pamhc2crops:radishitem":1,"minecraft:bundle":4,"botanypots:white_terracotta_hopper_botany_pot":3,"minecraft:blue_terracotta":30,"create:crimsite":20,"iceandfire:lectern":1,"iceandfire:dragonegg_blue":4,"minecraft:granite":15,"solarflux:sp_1":7,"minecraft:chainmail_helmet":1,"minecraft:bread":12,"minecraft:dark_oak_fence":10,"minecraft:coarse_dirt":19,"iceandfire:raw_silver":16,"minecraft:diamond_pickaxe":2,"minecraft:crafting_table":2,"pamhc2trees:vanillabeanitem":4,"productivebees:slimy_nest":2,"iceandfire:witherbone":6,"minecraft:clay_ball":4,"minecraft:leather_leggings":1,"pamhc2trees:persimmonitem":7,"pamhc2trees:starfruititem":1,"iceandfire:dragonegg_silver":1,"artifacts:power_glove":1,"minecraft:flint_and_steel":1,"minecraft:iron_shovel":2,"minecraft:glass_pane":262,"minecraft:cracked_stone_bricks":3,"iceandfire:bestiary":1,"minecraft:beef":14,"iceandfire:dread_shard":5,"valhelsia_structures:doused_torch":1,"minecraft:jungle_sapling":2,"minecraft:iron_nugget":24,"minecraft:poppy":2,"minecraft:chest":1,"minecraft:egg":1,"minecraft:stone":3,"reliquary:rib_bone":10,"minecraft:raw_gold_block":1,"sophisticatedbackpacks:crafting_upgrade":2,"farmersdelight:tomato_seeds":1,"ae2:processing_pattern":2,"minecraft:carrot":30,"minecraft:redstone":281,"valhelsia_structures:white_sleeping_bag":1,"ars_nouveau:starbuncle_charm":1,"create:vertical_gearbox":1,"iceandfire:dragon_skull_ice":3,"mekanism:crusher":2,"ae2:wireless_crafting_terminal":1,"ars_nouveau:enchanting_apparatus":2,"minecraft:diamond_chestplate":3,"aquaculture:brown_trout":1,"minecraft:diamond_boots":1,"minecraft:hay_block":11,"minecraft:waxed_oxidized_cut_copper_stairs":1,"botania:blue_mystical_flower":1,"minecraft:gold_ingot":15,"iceandfire:earplugs":1,"minecraft:mutton":14,"minecraft:white_wool":11,"minecraft:birch_leaves":23,"mekanism:raw_lead":15,"minecraft:tripwire_hook":1,"refinedstorageaddons:wireless_crafting_grid":1,"minecraft:oak_log":7,"minecraft:golden_boots":2,"minecraft:white_banner":1,"pamhc2crops:tealeafitem":1,"farmersdelight:organic_compost":3,"minecraft:stone_bricks":3,"iceandfire:pixie_jar_empty":1,"minecraft:kelp":4,"tombstone:tablet_of_guard":1,"minecraft:waxed_weathered_cut_copper_stairs":1,"minecraft:cobweb":13,"tombstone:bag_of_seeds":3,"relics:infinity_ham":4,"pamhc2trees:pecanitem":2,"minecraft:iron_sword":3,"dragonfinder:fire_dragon_eye":3,"iceandfire:chared_stone":11,"minecraft:smooth_basalt":3,"minecraft:gravel":59,"productivebees:spawn_egg_configurable_bee":1,"minecraft:waxed_exposed_cut_copper_stairs":1,"minecraft:spruce_log":7,"quark:blue_corundum_cluster":1,"minecraft:diamond_shovel":2,"tombstone:scroll_of_knowledge":1,"minecraft:diamond_axe":1,"iceandfire:dragonforge_ice_input":1,"minecraft:birch_sign":1,"iceandfire:ice_dragon_flesh":8,"refinedstorage:network_receiver":2,"pamhc2foodcore:fruitsaladitem":3,"pamhc2trees:coconutitem":7,"minecraft:ender_pearl":27,"ars_nouveau:caster_tome":1,"dragonfinder:lightning_dragon_eye":1,"minecraft:wheat":38,"minecraft:redstone_block":75,"supplementaries:bomb_blue":1,"iceandfire:dragonegg_white":4,"enemyexpansion:wasp_thorax":1,"mysticalagriculture:iron_seeds":3,"minecraft:stone_brick_stairs":1,"minecraft:raw_copper":87,"minecraft:iron_leggings":1,"minecraft:sticky_piston":9,"minecraft:smooth_stone":1638,"reliquary:zombie_heart":26,"minecraft:bucket":1,"comforts:sleeping_bag_white":5,"artifacts:aqua_dashers":2,"minecraft:rose_bush":12,"minecraft:cobblestone_slab":5,"minecraft:calcite":1,"minecraft:iron_pickaxe":2,"delightful:green_tea_leaf":6,"botanypots:light_blue_terracotta_hopper_botany_pot":1,"minecraft:iron_boots":3,"minecraft:furnace":2,"minecraft:tipped_arrow":1,"minecraft:stick":31,"iceandfire:ghost_chest":1,"minecraft:torch":59,"iceandfire:dragonscales_white":85,"minecraft:porkchop":2,"iceandfire:rotten_egg":1,"minecraft:pointed_dripstone":3,"tombstone:grave_dust":16,"minecraft:diorite":19,"mekanismgenerators:solar_generator":4,"ae2:drive":2,"minecraft:quartz_block":4,"mekanism:ultimate_universal_cable":1,"minecraft:rotten_flesh":139,"reliquary:bat_wing":1,"biomesoplenty:white_petals":9,"reliquary:mob_charm_fragment":7,"artifacts:panic_necklace":2,"minecraft:obsidian":5,"minecraft:cobblestone":466,"mekanismgenerators:advanced_solar_generator":2,"minecraft:enchanting_table":1,"minecraft:leather_chestplate":1,"minecraft:lilac":6,"minecraft:repeater":4,"minecraft:andesite":215,"minecraft:potato":37,"minecraft:tuff":9,"create:raw_zinc":40,"supplementaries:flax_seeds":2,"ae2:portable_item_cell_256k":1,"dragonfinder:ice_dragon_eye":2,"minecraft:lapis_lazuli":361,"minecraft:dirt":799,"minecraft:stripped_birch_log":1,"iceandfire:dragonscales_bronze":88,"minecraft:leather_boots":1,"minecraft:glass":162,"minecraft:bone":85,"farmersdelight:iron_knife":2,"pamhc2trees:tamarinditem":7,"ae2:wireless_booster":3,"refinedstorage:red_grid":2,"minecraft:bow":15,"minecraft:wheat_seeds":123,"easy_villagers:trader":3,"minecraft:raw_gold":34,"minecraft:cobbled_deepslate_slab":1,"tombstone:scroll_of_reach":1,"minecraft:mossy_stone_bricks":13,"botania:gray_mystical_flower":3,"minecraft:mossy_stone_brick_stairs":5,"ae2:wireless_access_point":4,"minecraft:poisonous_potato":1,"torchmaster:megatorch":5,"minecraft:sand":97,"minecraft:nether_brick_stairs":12,"pamhc2trees:cashewitem":4,"minecraft:grass_block":793,"minecraft:cyan_bed":2,"minecraft:mossy_cobblestone":13,"iceandfire:dragonegg_red":1,"tombstone:scroll_of_mercy":1,"iceandfire:dragon_bone_block":4,"minecraft:light_blue_terracotta":75,"minecraft:diamond":11,"iceandfire:dread_stone_bricks_mossy":1,"waystones:waystone":4,"ae2:blank_pattern":61,"iceandfire:dragon_ice":4,"ae2:wireless_terminal":1,"minecraft:crossbow":1,"minecraft:bone_meal":4,"mysticalagriculture:redstone_seeds":1,"minecraft:emerald":55,"biomesoplenty:pink_daffodil":16,"minecraft:oak_sapling":3,"valhelsia_structures:unlit_lantern":2,"iceandfire:silver_nugget":780,"farmingforblockheads:market":1,"minecraft:allium":1,"artifacts:night_vision_goggles":1,"minecraft:ladder":5,"minecraft:brown_mushroom":18,"ars_nouveau:blue_archwood_sapling":12,"minecraft:gold_block":5,"iceandfire:frozen_cobblestone":7,"iceandfire:frozen_stone":8,"minecraft:moss_carpet":7,"artifacts:feral_claws":1,"reliquary:chelicerae":16,"mekanism:energized_smelter":2,"artifacts:fire_gauntlet":2,"minecraft:cyan_carpet":2,"minecraft:candle":3,"tombstone:scroll_of_unstable_intangibility":1,"mysticalagriculture:gold_seeds":1,"pamhc2crops:truffleitem":2,"minecraft:sugar_cane":3,"pamhc2trees:pistachioitem":8,"iceandfire:ice_dragon_heart":1,"iceandfire:dragonbone":64,"minecraft:raw_iron":262,"reliquary:catalyzing_gland":4,"iceandfire:dragonscales_green":57,"mekanism:creative_energy_cube":1,"minecraft:copper_ingot":6,"aquaculture:perch":1,"ars_nouveau:blue_archwood_log":62,"ars_nouveau:frostaya_pod":1,"mekanism:basic_energy_cube":1,"valhelsia_structures:explorers_tent":1,"reliquary:glowing_bread":1,"pamhc2foodcore:fruitpunchitem":1,"mysticalagriculture:supremium_farmland":12,"artifacts:snorkel":2,"iceandfire:blindfold":1,"iceandfire:silver_ingot":2,"refinedstorageaddons:creative_wireless_crafting_grid":3,"minecraft:arrow":78,"botania:lime_mystical_flower":1,"mysticalagriculture:nether_quartz_essence":10,"aeinfinitybooster:infinity_card":2,"comforts:sleeping_bag_red":17,"mysticalagriculture:nether_quartz_seeds":3,"pamhc2trees:grapefruititem":5,"wandering_bags:wandering_bag":4,"alexsmobs:ghostly_pickaxe":4,"minecraft:skeleton_skull":3,"iceandfire:pixie_jar_4":1,"farmersdelight:rich_soil":5,"refinedstorage:disk_manipulator":1,"refinedstorage:creative_portable_grid":3,"minecraft:glow_ink_sac":2,"minecraft:leather":147,"alexsmobs:cachalot_whale_tooth":2,"minecraft:chainmail_chestplate":1,"pamhc2crops:juteitem":3,"iceandfire:ectoplasm":4,"iceandfire:dread_stone_bricks_cracked":2,"minecraft:nether_wart_block":4,"minecraft:gunpowder":32,"minecraft:cobblestone_stairs":11,"tombstone:voodoo_poppet":1,"botania:black_mystical_flower":2,"mysticalagriculture:osmium_seeds":3,"minecraft:cooked_mutton":5,"neapolitan:ice_cubes":7,"pamhc2trees:peppercornitem":1,"iceandfire:dragon_stick":2,"mysticalagriculture:supremium_essence":1,"minecraft:iron_ingot":185,"artifacts:whoopee_cushion":1,"aquaculture:minnow":1,"iceandfire:fire_dragon_flesh":17,"minecraft:soul_sand":18,"sophisticatedbackpacks:diamond_backpack":1,"minecraft:book":6,"create:large_water_wheel":3,"minecraft:pumpkin":23,"minecraft:chiseled_stone_bricks":12,"minecraft:stone_brick_slab":1,"minecraft:quartz":8,"minecraft:dandelion":1,"ars_nouveau:novice_spell_book":2,"minecraft:lava_bucket":3,"refinedstorage:quartz_enriched_iron":12,"quark:oak_chest":2,"mekanism:raw_osmium":58,"minecraft:spider_eye":44,"universalgrid:creative_wireless_universal_grid":1,"aquaculture:wooden_fillet_knife":1,"minecraft:chainmail_leggings":2,"minecraft:iron_helmet":1,"wandering_bags:witch_bag":1,"mekanism:fluorite_gem":48,"minecraft:mossy_cobblestone_stairs":1,"tombstone:magic_scroll":4,"minecraft:coal":185,"minecraft:sunflower":1},"minecraft:custom":{"minecraft:interact_with_crafting_table":70,"minecraft:open_barrel":667,"minecraft:leave_game":16,"minecraft:time_since_death":501017,"minecraft:play_time":1880596,"minecraft:deaths":20,"minecraft:jump":14249,"minecraft:interact_with_furnace":19,"minecraft:traded_with_villager":82,"minecraft:sleep_in_bed":59,"minecraft:waystone_activated":7,"minecraft:damage_dealt":88907,"tombstone:use_disenchantment":1,"tombstone:undead_killed":194,"minecraft:interact_with_smoker":1,"minecraft:interact_with_smithing_table":7,"minecraft:inspect_dispenser":1,"minecraft:sneak_time":33409,"minecraft:interact_with_blast_furnace":28,"minecraft:total_world_time":1950269,"tombstone:raider_killed":8,"minecraft:items_extracted":527,"minecraft:interact_with_stonecutter":5,"minecraft:time_since_rest":25601,"minecraft:use_wand":9545,"minecraft:swim_one_cm":231938,"minecraft:fly_one_cm":3049979,"minecraft:open_chest":234,"minecraft:fall_one_cm":312025,"lootr:looted_stat":223,"minecraft:sprint_one_cm":1920722,"minecraft:drop":802,"minecraft:talked_to_villager":550,"minecraft:walk_on_water_one_cm":141850,"minecraft:player_kills":1,"minecraft:crouch_one_cm":63874,"tombstone:villager_killed":1,"minecraft:mob_kills":330,"minecraft:items_inserted":20337,"minecraft:damage_dealt_resisted":499,"minecraft:climb_one_cm":17305,"minecraft:walk_one_cm":3205490,"tombstone:consume_soul":1,"minecraft:walk_under_water_one_cm":176577,"minecraft:damage_taken":2147483647,"minecraft:trigger_trapped_chest":13},"minecraft:mined":{"valhelsia_structures:light_gray_sleeping_bag":11,"iceandfire:podium_dark_oak":1,"create:andesite_casing":4,"minecraft:cherry_log":22,"minecraft:obsidian":5,"minecraft:granite":11,"minecraft:jungle_log":5,"productivebees:slimy_nest":2,"minecraft:coal_block":1,"mysticalagriculture:inferium_ore":29,"minecraft:chiseled_stone_bricks":4,"minecraft:spawner":23,"solarflux:sp_2":2,"minecraft:mossy_cobblestone_stairs":2,"minecraft:sticky_piston":9,"minecraft:cobbled_deepslate":3,"minecraft:barrel":5,"minecraft:fire":75,"pamhc2trees:pampistachio":7,"minecraft:moss_carpet":1,"minecraft:pumpkin":22,"minecraft:deepslate_lapis_ore":1,"minecraft:nether_brick_stairs":6,"valhelsia_structures:brown_glazed_jar":2,"biomesoplenty:webbing":1,"create:gearshift":3,"iceandfire:dread_stone_bricks_cracked":2,"farmersdelight:rich_soil_farmland":1,"valhelsia_structures:big_glazed_jar":1,"valhelsia_structures:big_purple_glazed_jar":2,"valhelsia_structures:glazed_jar":1,"minecraft:brown_mushroom":4,"mekanism:osmium_ore":18,"valhelsia_structures:cracked_big_glazed_jar_top":1,"refinedstorage:disk_manipulator":1,"minecraft:torch":29,"mekanism:tin_ore":4,"minecraft:glass":3,"minecraft:cyan_bed":2,"minecraft:sugar_cane":3,"minecraft:skeleton_skull":1,"solarflux:sp_1":7,"minecraft:white_terracotta":31,"minecraft:repeater":4,"minecraft:lilac":4,"minecraft:jukebox":1,"minecraft:potted_poppy":1,"minecraft:stone_brick_stairs":1,"ae2:wireless_access_point":4,"refinedstorage:creative_portable_grid":3,"iceandfire:dragonforge_ice_input":1,"minecraft:grass":53,"minecraft:waxed_exposed_cut_copper_stairs":1,"minecraft:smooth_basalt":4,"minecraft:deepslate":81,"mysticalagriculture:deepslate_inferium_ore":53,"create:zinc_ore":24,"mysticalagriculture:iron_crop":1,"iceandfire:silver_ore":5,"minecraft:mossy_cobblestone":17,"valhelsia_structures:white_sleeping_bag":1,"mekanismgenerators:solar_generator":3,"minecraft:dark_oak_fence":5,"minecraft:cobbled_deepslate_slab":1,"minecraft:nether_bricks":12,"minecraft:redstone_wire":38,"iceandfire:deepslate_silver_ore":4,"minecraft:kelp":5,"pamhc2trees:pamcoconut":2,"minecraft:redstone_ore":3,"create:shaft":1,"neapolitan:banana_bundle":1,"valhelsia_structures:cracked_big_glazed_jar":4,"minecraft:andesite":222,"minecraft:mossy_stone_brick_stairs":6,"minecraft:vine":6,"biomesoplenty:high_grass":18,"minecraft:cobblestone_slab":5,"minecraft:potted_allium":1,"mysticalagriculture:supremium_farmland":2,"valhelsia_structures:purple_glazed_jar":1,"farmingforblockheads:market":1,"minecraft:waxed_weathered_cut_copper_stairs":1,"minecraft:redstone_block":9,"mekanism:crusher":2,"botania:lime_mystical_flower":1,"minecraft:glass_pane":2,"lootr:lootr_barrel":2,"botanypots:light_blue_terracotta_hopper_botany_pot":1,"minecraft:soul_sand":20,"quark:oak_chest":2,"mekanism:basic_energy_cube":1,"minecraft:stone_brick_slab":1,"minecraft:dandelion":1,"valhelsia_structures:big_blue_glazed_jar":1,"minecraft:emerald_ore":24,"valhelsia_structures:black_glazed_jar":1,"biomesoplenty:high_grass_plant":52,"minecraft:copper_ore":6,"minecraft:tall_grass":8,"minecraft:deepslate_gold_ore":12,"minecraft:diorite":30,"minecraft:coarse_dirt":20,"create:gearbox":1,"minecraft:birch_leaves":47,"botania:white_mystical_flower":14,"iceandfire:silver_pile":58,"minecraft:gravel":66,"minecraft:sunflower":1,"minecraft:cobweb":36,"biomesoplenty:stringy_cobweb":2,"botania:gray_mystical_flower":3,"mekanism:deepslate_uranium_ore":2,"minecraft:stone_bricks":3,"ae2:cable_bus":2,"minecraft:gold_ore":1,"minecraft:fern":4,"mekanism:energized_smelter":2,"farmersdelight:rich_soil":4,"minecraft:farmland":2,"minecraft:cobblestone_stairs":12,"minecraft:brewing_stand":2,"minecraft:grass_block":1338,"iceandfire:lectern":1,"iceandfire:dread_spawner":3,"ars_nouveau:arcane_core":1,"minecraft:smooth_stone":415,"valhelsia_structures:big_yellow_glazed_jar":1,"minecraft:mossy_cobblestone_slab":1,"minecraft:iron_ore":65,"minecraft:pointed_dripstone":2,"minecraft:iron_bars":5,"minecraft:birch_wall_sign":1,"ars_nouveau:enchanting_apparatus":2,"iceandfire:chared_cobblestone":8,"minecraft:deepslate_redstone_ore":3,"valhelsia_structures:explorers_tent":1,"minecraft:quartz_block":5,"mysticalagriculture:infusion_altar":2,"farmersdelight:organic_compost":3,"biomesoplenty:hanging_cobweb_strand":1,"valhelsia_structures:blue_glazed_jar":1,"iceandfire:dragon_ice_spikes":19,"mysticalagriculture:inferium_crop":1,"minecraft:calcite":2,"iceandfire:ghost_chest":1,"minecraft:poppy":1,"minecraft:chest":1,"farmersdelight:brown_mushroom_colony":1,"minecraft:cobblestone":121,"botania:blue_mystical_flower":1,"pamhc2crops:shadedgarden":9,"minecraft:wall_torch":4,"minecraft:light_blue_terracotta":79,"valhelsia_structures:bone_pile":1,"minecraft:blue_terracotta":30,"mekanismgenerators:advanced_solar_generator":2,"minecraft:nether_wart_block":4,"mekanism:fluorite_ore":5,"minecraft:waxed_oxidized_cut_copper_stairs":1,"biomesoplenty:maple_leaves":2,"iceandfire:dread_stone_bricks_mossy":1,"minecraft:oak_log":5,"botanypots:white_terracotta_hopper_botany_pot":3,"minecraft:dirt":893,"minecraft:sand":101,"mysticalagriculture:deepslate_prosperity_ore":67,"iceandfire:dread_stone_bricks":2,"minecraft:tripwire_hook":1,"refinedstorage:controller":1,"mekanism:basic_universal_cable":4,"minecraft:netherrack":1,"minecraft:oak_leaves":10,"create:crimsite":15,"iceandfire:chared_stone":13,"mysticalagriculture:prosperity_ore":25,"minecraft:diamond_ore":15,"minecraft:tuff":8,"minecraft:candle":2,"minecraft:deepslate_diamond_ore":3,"iceandfire:frozen_cobblestone":11,"torchmaster:megatorch":5,"mekanism:deepslate_osmium_ore":5,"minecraft:glow_lichen":1,"iceandfire:frozen_stone":18,"create:ochrum":2,"valhelsia_structures:big_red_glazed_jar":1,"iceandfire:dragon_ice":1,"iceandfire:dragonforge_ice_brick":7,"biomesoplenty:tundra_shrub":1,"minecraft:hay_block":13,"mekanism:ultimate_universal_cable":1,"minecraft:raw_gold_block":1,"iceandfire:dragon_bone_block":4,"minecraft:gold_block":3,"minecraft:deepslate_iron_ore":30,"easy_villagers:trader":3,"biomesoplenty:spider_egg":3,"minecraft:stone":384,"iceandfire:pixie_jar_empty":1,"minecraft:podzol":8,"mekanism:deepslate_lead_ore":5,"valhelsia_structures:unlit_lantern":2,"ae2:drive":2,"pamhc2crops:windygarden":2,"quark:matrix_enchanter":1,"minecraft:crafting_table":1,"minecraft:rose_bush":13,"biomesoplenty:sprout":7,"minecraft:lapis_ore":7,"mekanism:metallurgic_infuser":1,"botania:white_double_flower":1,"supplementaries:urn":23,"ars_nouveau:blue_archwood_log":64,"reliquary:fertile_lily_pad":2,"minecraft:beehive":1,"refinedstorage:network_receiver":2,"minecraft:ice":7,"biomesoplenty:pink_daffodil":1,"mekanism:creative_energy_cube":1,"minecraft:coal_ore":61,"refinedstorage:red_grid":2,"minecraft:flower_pot":1,"minecraft:cracked_stone_bricks":4,"minecraft:mossy_stone_bricks":17},"minecraft:crafted":{"mekanismgenerators:solar_generator":4,"mekanism:ingot_osmium":428,"waystones:waystone":1,"ae2:fluix_covered_cable":1,"quark:ancient_tome":1,"refinedstorage:red_grid":1,"sophisticatedbackpacks:crafting_upgrade":2,"refinedstorage:64k_storage_part":1,"connectedglass:borderless_glass":100,"mysticalagriculture:supremium_farmland":2,"minecraft:glass":2,"minecraft:diamond_helmet":2,"minecraft:diamond_leggings":2,"ae2:drive":1,"refinedstorage:grid":1,"refinedstorage:processor_binding":80,"easy_villagers:trader":2,"mekanism:energy_tablet":4,"refinedstorage:raw_advanced_processor":7,"ars_nouveau:ring_of_potential":1,"minecraft:glass_bottle":32,"botanypots:light_blue_terracotta_botany_pot":1,"minecraft:emerald":11,"botanypots:light_blue_terracotta_hopper_botany_pot":1,"minecraft:diamond_axe":1,"farmersdelight:iron_knife":1,"refinedstorage:storage_housing":1,"travelersbackpack:standard":5,"waystones:warp_stone":1,"mysticalagriculture:supremium_essence":10,"minecraft:lectern":2,"minecraft:stone_slab":2,"mysticalagriculture:prosperity_shard":54,"minecraft:gold_ingot":310,"iceandfire:dragon_horn":2,"buildinggadgets2:gadget_copy_paste":1,"farmingforblockheads:market":1,"mysticalagriculture:infusion_crystal":1,"refinedstorage:machine_casing":4,"quark:abacus":1,"ars_nouveau:arcane_pedestal":2,"minecraft:golden_carrot":1,"comforts:sleeping_bag_red":1,"mysticalagriculture:inferium_farmland":2,"comforts:sleeping_bag_white":2,"ae2:fluix_crystal":48,"buildinggadgets2:gadget_building":1,"ars_nouveau:source_berry_roll":32,"ars_nouveau:novice_spell_book":1,"farmingforblockheads:feeding_trough":1,"minecraft:spruce_slab":12,"minecraft:stone_pickaxe":1,"minecraft:diamond_boots":2,"quark:spruce_chest":9,"minecraft:dark_oak_planks":12,"constructionwand:diamond_wand":2,"mysticalagriculture:supremium_block":2,"ae2:meteorite_compass":1,"mysticalagriculture:inferium_seeds":3,"ae2:fluix_glass_cable":8,"ae2:wireless_receiver":1,"refinedstorage:red_crafting_grid":1,"sophisticatedbackpacks:gold_backpack":1,"refinedstorage:raw_improved_processor":14,"minecraft:enchanted_book":10,"mysticalagriculture:prosperity_gemstone":1,"ars_nouveau:sourcestone":16,"refinedstorage:raw_basic_processor":57,"minecraft:iron_shovel":1,"minecraft:armor_stand":1,"create:shaft":8,"iceandfire:armor_bronze_leggings":1,"mysticalagriculture:prudentium_block":3,"iceandfire:silver_pickaxe":1,"ae2:fluix_pearl":1,"ae2:sky_stone_block":8,"minecraft:oak_planks":4,"botanypots:white_terracotta_hopper_botany_pot":2,"minecraft:cobblestone_slab":12,"minecraft:barrel":1,"ae2:controller":2,"toolbelt:pouch":8,"refinedstorage:controller":1,"minecraft:stone":23,"refinedstorage:64k_storage_disk":1,"mysticalagriculture:tertium_block":1,"mysticalagriculture:prosperity_seed_base":4,"minecraft:hopper":3,"minecraft:iron_boots":1,"refinedstorage:4k_storage_part":2,"mysticalagriculture:tertium_essence":17,"ars_nouveau:enchanting_apparatus":1,"refinedstorage:disk_drive":1,"iceandfire:summoning_crystal_ice":2,"mekanism:ingot_steel":4,"minecraft:stone_hoe":1,"minecraft:stone_bricks":3,"iceandfire:manuscript":20,"mysticalagriculture:supremium_gemstone":1,"pamhc2foodcore:cuttingboarditem":1,"botanypots:white_terracotta_botany_pot":2,"valhelsia_structures:white_sleeping_bag":1,"minecraft:oak_slab":6,"ars_nouveau:arcane_core":1,"minecraft:crafting_table":4,"minecraft:map":1,"ae2:fluix_smart_cable":1,"minecraft:spruce_planks":132,"constructionwand:iron_wand":14,"minecraft:iron_helmet":2,"minecraft:red_wool":10,"sophisticatedbackpacks:upgrade_base":2,"farmersdelight:cutting_board":1,"minecraft:string":128,"minecraft:iron_chestplate":1,"minecraft:diamond_pickaxe":1,"create:water_wheel":1,"mekanism:steel_casing":3,"pamhc2foodcore:fruitsaladitem":28,"sophisticatedbackpacks:diamond_backpack":1,"minecraft:stick":56,"mekanism:crusher":2,"minecraft:iron_ingot":546,"mekanism:basic_crushing_factory":2,"mysticalagriculture:master_infusion_crystal":1,"mysticalagriculture:imperium_essence":12,"iceandfire:armor_bronze_helmet":1,"villagertools:contract":1,"minecraft:shears":4,"ae2:quartz_fiber":24,"ae2:charger":1,"ae2:certus_quartz_crystal":48,"toolbelt:belt":2,"minecraft:redstone":12528,"refinedstorage:16k_storage_disk":1,"refinedstorage:16k_storage_part":3,"mysticalagriculture:infusion_pedestal":8,"mekanism:energized_smelter":1,"minecraft:furnace":1,"mekanism:basic_smelting_factory":1,"refinedstorage:quartz_enriched_iron":68,"minecraft:glass_pane":80,"minecraft:flint_and_steel":1,"supplementaries:antique_ink":1,"refinedstorage:destruction_core":2,"quark:dark_oak_chest":4,"mysticalagriculture:inferium_essence":315,"minecraft:iron_axe":5,"minecraft:slime_ball":68,"minecraft:glowstone_dust":252,"mekanismgenerators:advanced_solar_generator":1,"ae2:engineering_processor_press":2,"iceandfire:armor_bronze_chestplate":1,"solarflux:mirror":3,"aquaculture:wooden_fillet_knife":1,"ae2:inscriber":1,"refinedstorage:1k_storage_part":3,"sophisticatedbackpacks:iron_backpack":1,"minecraft:red_dye":28,"mysticalagriculture:prudentium_essence":5,"create:andesite_alloy":21,"minecraft:diamond_sword":3,"iceandfire:armor_bronze_boots":1,"minecraft:iron_sword":3,"mysticalagriculture:imperium_block":1,"create:large_water_wheel":1,"mekanism:basic_infusing_factory":1,"minecraft:bucket":7,"minecraft:air":0,"minecraft:bread":12,"mekanism:upgrade_speed":6,"solarflux:sp_1":1,"quark:spruce_bookshelf":2,"minecraft:white_wool":18,"mekanism:upgrade_energy":2,"mysticalagriculture:infusion_altar":1,"refinedstorage:construction_core":2,"minecraft:stonecutter":2,"create:mechanical_drill":3,"dummmmmmy:target_dummy":1,"refinedstorage:disk_manipulator":1,"villagertools:forget":1,"minecraft:torch":12,"create:zinc_ingot":67,"minecraft:diamond_chestplate":2,"mekanismgenerators:solar_panel":12},"minecraft:broken":{"constructionwand:diamond_wand":1,"minecraft:iron_boots":1,"minecraft:iron_chestplate":1,"minecraft:iron_leggings":1,"minecraft:iron_helmet":1,"constructionwand:iron_wand":12},"minecraft:dropped":{"farmersdelight:iron_knife":2,"ars_nouveau:novice_spell_book":1,"minecraft:lapis_lazuli":233,"minecraft:glass_bottle":2,"minecraft:diamond":9,"mekanism:block_osmium":22,"mekanismgenerators:solar_generator":1,"minecraft:crossbow":1,"relics:infinity_ham":1,"iceandfire:dragonegg_sapphire":1,"minecraft:dirt":5,"minecraft:dark_oak_fence":10,"iceandfire:blindfold":1,"iceandfire:dread_stone_bricks":1,"toolbelt:pouch":1,"minecraft:gold_nugget":3,"universalgrid:creative_wireless_universal_grid":1,"minecraft:dark_oak_planks":4,"productivebees:slimy_nest":1,"pamhc2foodcore:fruitsaladitem":3,"minecraft:obsidian":1,"minecraft:rotten_flesh":16,"mekanism:alloy_infused":63,"iceandfire:dread_stone_bricks_mossy":1,"aquaculture:wooden_fillet_knife":1,"mysticalagriculture:inferium_essence":129,"minecraft:leather_boots":1,"minecraft:glass":35,"reliquary:zombie_heart":1,"minecraft:enchanted_book":5,"minecraft:golden_boots":2,"minecraft:iron_ingot":112,"mekanism:dust_steel":2,"minecraft:wheat_seeds":3,"minecraft:iron_helmet":1,"minecraft:feather":1,"minecraft:cobblestone":1,"minecraft:granite":8,"mysticalagriculture:nether_quartz_essence":72,"minecraft:coal_block":1,"minecraft:lava_bucket":1,"minecraft:cobweb":7,"mekanism:dust_osmium":8,"minecraft:diamond_helmet":1,"minecraft:potion":1,"mysticalagriculture:infusion_crystal":1,"alexsmobs:ghostly_pickaxe":4,"minecraft:iron_shovel":1,"minecraft:chainmail_leggings":1,"minecraft:string":5,"create:raw_zinc":1,"ars_nouveau:caster_tome":1,"minecraft:stone_brick_slab":1,"iceandfire:earplugs":1,"quark:blue_corundum_cluster":1,"iceandfire:dragonegg_silver":1,"minecraft:iron_boots":3,"iceandfire:dragon_skull_ice":2,"minecraft:cobbled_deepslate_slab":1,"wandering_bags:wandering_bag":3,"minecraft:diamond_sword":3,"minecraft:allium":1,"minecraft:spruce_planks":2,"create:zinc_ingot":67,"minecraft:diamond_pickaxe":1,"iceandfire:silver_ingot":6,"minecraft:spider_eye":3,"minecraft:bow":2,"minecraft:nether_brick_stairs":12,"minecraft:brown_mushroom":1,"sophisticatedbackpacks:stack_upgrade_tier_1":1,"minecraft:oak_log":2,"minecraft:ender_pearl":2,"iceandfire:dread_stone_bricks_cracked":2,"solarflux:sp_1":5,"minecraft:cobblestone_stairs":1,"minecraft:dark_oak_log":2,"refinedstorageaddons:creative_wireless_crafting_grid":1,"toolbelt:belt":1,"minecraft:gold_ingot":13,"minecraft:gravel":2,"mekanism:ingot_osmium":32,"aquaculture:perch":1,"artifacts:villager_hat":1,"minecraft:diamond_shovel":3,"minecraft:cooked_mutton":4,"minecraft:chiseled_stone_bricks":8,"minecraft:poppy":1,"minecraft:leather_chestplate":1,"supplementaries:ash":8,"sophisticatedbackpacks:anvil_upgrade":3,"productivebees:sturdy_bee_cage":1,"comforts:sleeping_bag_white":1,"minecraft:water_bucket":1,"reliquary:mob_charm_fragment":2,"minecraft:mossy_cobblestone":4,"minecraft:diamond_leggings":1,"valhelsia_structures:white_sleeping_bag":2,"minecraft:copper_ingot":13,"mysticalagriculture:iron_seeds":2,"minecraft:milk_bucket":1,"minecraft:torch":24,"iceandfire:dragonegg_white":1,"tombstone:grave_dust":1,"minecraft:iron_leggings":1,"mysticalagriculture:prosperity_shard":257,"sophisticatedbackpacks:crafting_upgrade":3,"minecraft:redstone":182,"refinedstorage:quartz_enriched_iron":8,"valhelsia_structures:light_gray_sleeping_bag":1,"neapolitan:banana_bunch":4,"minecraft:glass_pane":262,"ars_nouveau:starbuncle_charm":1,"minecraft:diamond_chestplate":2,"minecraft:iron_chestplate":2,"minecraft:mossy_stone_bricks":5,"minecraft:oak_sapling":2,"ae2:wireless_crafting_terminal":2,"refinedstorageaddons:wireless_crafting_grid":2,"minecraft:diamond_boots":1,"minecraft:slime_ball":4},"minecraft:used":{"iceandfire:lectern":1,"refinedstorage:exporter":6,"sophisticatedbackpacks:copper_backpack":2,"iceandfire:dragon_skull_ice":1,"minecraft:ladder":5,"minecraft:poppy":1,"minecraft:chest":11,"constructionwand:iron_wand":270,"refinedstorage:wireless_transmitter":2,"ae2:import_bus":9,"mekanism:basic_energy_cube":1,"mysticalagriculture:redstone_seeds":2,"refinedstorage:network_transmitter":6,"minecraft:lava_bucket":6,"minecraft:grass_block":52,"constructionwand:infinity_wand":54,"mekanism:basic_crushing_factory":2,"refinedstorage:external_storage":1,"create:shaft":1,"minecraft:oak_sapling":1,"botanypotstiers:elite_cyan_terracotta_hopper_botany_pot":4,"iceandfire:chared_stone":4,"minecraft:bow":154,"create:rotation_speed_controller":1,"minecraft:furnace":3,"ae2:fluix_smart_dense_cable":15,"minecraft:egg":1,"farmingforblockheads:feeding_trough":2,"mekanism:advanced_universal_cable":65,"minecraft:stripped_birch_log":1,"ae2:cable_interface":3,"minecraft:mossy_stone_brick_stairs":2,"mekanism:basic_infusing_factory":1,"ae2:controller":96,"relics:horse_flute":10,"botanypots:light_blue_terracotta_hopper_botany_pot":2,"neapolitan:banana_bunch":5,"minecraft:cyan_carpet":1,"ae2:energy_acceptor":3,"mysticalagriculture:glowstone_seeds":1,"minecraft:lilac":6,"ae2:pattern_encoding_terminal":1,"minecraft:diamond_sword":1408,"mekanismgenerators:solar_generator":3,"minecraft:smithing_table":1,"universalgrid:creative_wireless_universal_grid":1,"minecraft:enchanting_table":1,"ars_nouveau:arcane_core":2,"alexsmobs:flying_fish_bucket":1,"farmingforblockheads:market":2,"valhelsia_structures:light_gray_sleeping_bag":11,"minecraft:torch":56,"iceandfire:dragonegg_sapphire":2,"mysticalagriculture:infusion_pedestal":8,"solarflux:sp_2":2,"easy_villagers:trader":15,"mysticalagradditions:insanium_farmland":2,"refinedstorageaddons:wireless_crafting_grid":6,"alexsmobs:ghostly_pickaxe":33,"iceandfire:dragon_ice":3,"minecraft:barrel":18,"minecraft:tripwire_hook":1,"create:encased_chain_drive":14,"refinedstorage:creative_portable_grid":5,"constructionwand:diamond_wand":106,"minecraft:podzol":2,"tombstone:gift":15,"torchmaster:megatorch":45,"comforts:sleeping_bag_white":5,"minecraft:cobbled_deepslate":24,"sophisticatedbackpacks:gold_backpack":3,"minecraft:wheat_seeds":68,"botanypotstiers:elite_terracotta_botany_pot":5,"minecraft:water_bucket":84,"ae2:wireless_access_point":7,"minecraft:mossy_cobblestone":3,"minecraft:crafting_table":3,"iceandfire:dragonegg_white":5,"refinedstorage:disk_manipulator":1,"aquaculture:pollock_bucket":1,"minecraft:spruce_log":7,"mekanism:creative_energy_cube":4,"reliquary:fertile_lily_pad":80,"minecraft:diamond_pickaxe":2040,"refinedstorageaddons:creative_wireless_crafting_grid":3,"minecraft:diamond_shovel":2389,"ars_nouveau:arcane_pedestal":17,"minecraft:iron_pickaxe":320,"ae2:cable_pattern_provider":4,"iceandfire:dragon_horn":7,"mysticalagriculture:iron_seeds":12,"minecraft:spruce_trapdoor":1,"ae2:fluix_glass_cable":51,"quark:dark_oak_chest":4,"travelersbackpack:standard":2,"minecraft:cobblestone":8977,"quark:oak_chest":2,"ars_nouveau:starbuncle_se":1,"minecraft:candle":3,"minecraft:iron_shovel":68,"minecraft:diamond_hoe":9,"minecraft:iron_sword":234,"mysticalagriculture:infusion_altar":3,"ae2:molecular_assembler":1,"farmersdelight:rich_soil_farmland":210,"mowziesmobs:lantern_spawn_egg":1,"minecraft:deepslate_tile_slab":1,"iceandfire:dragonegg_blue":6,"mekanism:basic_universal_cable":14,"minecraft:milk_bucket":4,"mysticalagriculture:inferium_seeds":163,"refinedstorage:controller":2,"minecraft:glass":3,"tombstone:decorative_grave_simple":2,"botanypots:white_terracotta_hopper_botany_pot":5,"minecraft:mossy_cobblestone_slab":1,"refinedstorage:importer":18,"tombstone:decorative_grave_normal":1,"farmersdelight:cutting_board":1,"productivebees:sturdy_bee_cage":4,"pipez:item_pipe":40,"ars_nouveau:sourceberry_bush":2,"create:mechanical_drill":10,"refinedstorage:red_crafting_grid":1,"pylons:harvester_pylon":1,"refinedstorage:disk_drive":5,"iceandfire:pixie_jar_empty":1,"aquaculture:smallmouth_bass_bucket":1,"dummmmmmy:target_dummy":1,"minecraft:oak_planks":4,"minecraft:ender_pearl":2,"refinedstorage:red_grid":2,"minecraft:diamond_axe":128,"minecraft:redstone_block":1,"ae2:fluix_smart_cable":1,"farmersdelight:organic_compost":3,"ars_nouveau:enchanting_apparatus":3,"waystones:waystone":7,"ae2:drive":6,"mekanism:crusher":2,"easy_villagers:villager":161,"minecraft:bread":18,"minecraft:cyan_bed":2,"mekanism:metallurgic_infuser":2,"minecraft:gravel":1,"mekanismgenerators:advanced_solar_generator":10,"mekanism:basic_smelting_factory":1,"create:vertical_gearbox":2,"minecraft:tropical_fish_bucket":2,"minecraft:cobweb":4,"create:large_cogwheel":1,"minecraft:experience_bottle":68,"minecraft:oak_fence":1,"sophisticatedbackpacks:iron_backpack":1,"minecraft:flint_and_steel":1,"comforts:sleeping_bag_red":22,"minecraft:spruce_planks":7,"ae2:crafting_accelerator":2,"farmersdelight:rich_soil":2,"minecraft:dirt":764,"ironchest:diamond_chest":1,"minecraft:hopper":12,"mysticalagriculture:gold_seeds":2,"ae2:inscriber":1,"refinedstorage:network_card":15,"minecraft:granite":104,"create:chute":9,"solarflux:sp_1":3,"quark:spruce_chest":2,"botanypotstiers:elite_terracotta_hopper_botany_pot":5,"connectedglass:borderless_glass":87,"alexsmobs:lobster_bucket":1,"minecraft:pumpkin":2,"create:gearshift":3,"mysticalagriculture:osmium_seeds":2,"botanypots:terracotta_hopper_botany_pot":3,"universalgrid:wireless_universal_grid":2,"minecraft:cobblestone_stairs":6,"minecraft:snow_block":15,"ae2:magenta_glass_cable":5,"mekanism:ultimate_universal_cable":7,"quark:abacus":58,"minecraft:brown_mushroom":3,"minecraft:stonecutter":2,"minecraft:cobblestone_slab":14,"refinedcooking:kitchen_access_point":1,"ae2:64k_crafting_storage":3,"neapolitan:banana":1,"tombstone:bag_of_seeds":2,"refinedstorage:cable":84,"refinedstorage:network_receiver":13,"mekanism:energized_smelter":3,"create:large_water_wheel":15,"pamhc2foodcore:fruitsaladitem":6,"mysticalagriculture:supremium_farmland":2,"minecraft:bucket":46,"minecraft:smooth_stone":436,"ae2:crafting_terminal":2}},"DataVersion":3465}