{"stats":{"minecraft:broken":{"minecraft:diamond_leggings":1,"minecraft:iron_pickaxe":1,"minecraft:iron_helmet":1,"minecraft:diamond_boots":1,"minecraft:stone_shovel":1},"minecraft:mined":{"minecraft:cherry_log":24,"valhelsia_structures:dirt":3,"minecraft:granite":35,"minecraft:deepslate_tile_stairs":1,"mysticalagriculture:inferium_ore":148,"minecraft:spawner":2,"minecraft:mossy_cobblestone_stairs":2,"minecraft:cobbled_deepslate":6,"minecraft:fire":32,"minecraft:deepslate_lapis_ore":7,"minecraft:nether_brick_stairs":1,"minecraft:sculk_shrieker":2,"iceandfire:gold_pile":211,"biomesoplenty:webbing":5,"botania:brown_mystical_flower":1,"iceandfire:dread_stone_bricks_cracked":5,"create:veridium":19,"create:limestone":2,"valhelsia_structures:big_purple_glazed_jar":1,"mekanism:osmium_ore":18,"minecraft:amethyst_cluster":1,"minecraft:torch":13,"minecraft:blast_furnace":1,"minecraft:dead_bush":1,"mekanism:tin_ore":190,"iceandfire:sapphire_ore":7,"minecraft:sugar_cane":9,"minecraft:amethyst_block":3,"solarflux:sp_1":5,"minecraft:white_terracotta":57,"sophisticatedbackpacks:diamond_backpack":1,"minecraft:wheat":1,"minecraft:lilac":6,"minecraft:grass":51,"mekanism:lead_ore":20,"quark:yellow_corundum_cluster":1,"minecraft:smooth_basalt":20,"mysticalagriculture:deepslate_inferium_ore":46,"minecraft:deepslate":274,"create:zinc_ore":107,"iceandfire:silver_ore":32,"minecraft:mossy_cobblestone":14,"valhelsia_structures:white_sleeping_bag":10,"farmersdelight:wild_carrots":1,"mekanismgenerators:solar_generator":5,"minecraft:stripped_birch_log":1,"minecraft:nether_bricks":10,"minecraft:cobbled_deepslate_slab":1,"minecraft:spruce_fence":1,"iceandfire:frozen_grass":1,"biomesoplenty:white_petals":1,"farmersdelight:wild_onions":16,"minecraft:redstone_ore":22,"minecraft:andesite":54,"minecraft:mossy_stone_brick_stairs":1,"biomesoplenty:high_grass":5,"minecraft:cobblestone_slab":4,"minecraft:vine":2,"ars_nouveau:rune":10,"minecraft:redstone_block":21,"mekanism:basic_energy_cube":1,"minecraft:dandelion":1,"iceandfire:frozen_gravel":1,"minecraft:emerald_ore":36,"biomesoplenty:high_grass_plant":17,"minecraft:tall_grass":1,"minecraft:copper_ore":220,"minecraft:deepslate_gold_ore":32,"minecraft:diorite":55,"minecraft:coarse_dirt":7,"minecraft:spruce_log":84,"botania:white_mystical_flower":4,"pamhc2crops:frostgarden":1,"minecraft:gravel":21,"mekanism:deepslate_fluorite_ore":9,"minecraft:cobweb":11,"mekanism:deepslate_uranium_ore":18,"minecraft:gold_ore":13,"minecraft:fern":24,"minecraft:infested_stone":1,"create:deepslate_zinc_ore":77,"mekanism:advanced_universal_cable":10,"minecraft:sculk_vein":22,"minecraft:cobblestone_stairs":3,"sophisticatedbackpacks:gold_backpack":4,"minecraft:brewing_stand":1,"minecraft:budding_amethyst":1,"minecraft:grass_block":33,"sophisticatedbackpacks:iron_backpack":1,"ars_nouveau:sourceberry_bush":26,"minecraft:mossy_cobblestone_slab":3,"supplementaries:ash":16,"minecraft:iron_ore":183,"minecraft:iron_bars":10,"mekanism:advanced_energy_cube":1,"iceandfire:chared_cobblestone":80,"minecraft:deepslate_redstone_ore":30,"minecraft:quartz_block":1,"iceandfire:dragon_ice_spikes":35,"minecraft:calcite":5,"minecraft:poppy":1,"iceandfire:ghost_chest":1,"quark:blue_corundum_cluster":1,"minecraft:cobblestone":23,"minecraft:grindstone":1,"minecraft:wall_torch":19,"minecraft:deepslate_copper_ore":15,"productivebees:spruce_wood_nest":1,"mekanismgenerators:advanced_solar_generator":3,"upgrade_aquatic:pink_searocket":20,"mekanism:fluorite_ore":8,"minecraft:tnt":1,"valhelsia_structures:hanging_vines_body":1,"mekanism:deepslate_tin_ore":12,"minecraft:oak_log":5,"minecraft:sand":1121,"minecraft:dirt":80,"mysticalagriculture:deepslate_prosperity_ore":34,"mekanism:basic_universal_cable":4,"minecraft:netherrack":53,"create:crimsite":2,"minecraft:oak_leaves":22,"iceandfire:dread_stone_bricks":1,"iceandfire:chared_stone":72,"mysticalagriculture:prosperity_ore":37,"minecraft:tuff":20,"productivebees:snow_nest":1,"iceandfire:frozen_cobblestone":14,"mekanism:deepslate_osmium_ore":16,"iceandfire:frozen_stone":37,"minecraft:spruce_leaves":1,"iceandfire:dragon_ice":1,"minecraft:rooted_dirt":1,"minecraft:large_fern":6,"minecraft:carrots":2,"minecraft:furnace":4,"minecraft:bookshelf":2,"minecraft:deepslate_iron_ore":39,"biomesoplenty:spider_egg":1,"minecraft:stone":582,"minecraft:podzol":10,"mekanism:deepslate_lead_ore":14,"ars_nouveau:green_archwood_log":62,"travelersbackpack:standard":1,"minecraft:crafting_table":3,"minecraft:rose_bush":1,"minecraft:sculk_sensor":3,"minecraft:stone_slab":1,"minecraft:deepslate_coal_ore":8,"biomesoplenty:sprout":12,"minecraft:lapis_ore":23,"minecraft:sculk":166,"minecraft:birch_planks":2,"minecraft:sweet_berry_bush":4,"biomesoplenty:pink_daffodil":1,"minecraft:coal_ore":323,"minecraft:terracotta":4,"minecraft:mossy_stone_bricks":1},"minecraft:dropped":{"minecraft:iron_sword":2,"ars_nouveau:novice_spell_book":1,"minecraft:crafting_table":1,"relics:infinity_ham":1,"reliquary:glowing_bread":1,"minecraft:rooted_dirt":2,"sophisticatedbackpacks:gold_backpack":1,"minecraft:dirt":2,"iceandfire:blindfold":2,"minecraft:iron_pickaxe":1,"botania:white_mystical_flower":4,"minecraft:bone":12,"minecraft:rotten_flesh":35,"alexsmobs:cachalot_whale_tooth":1,"mysticalagriculture:inferium_essence":3,"minecraft:glass":260,"minecraft:egg":8,"minecraft:enchanted_book":1,"minecraft:iron_ingot":288,"minecraft:wheat_seeds":1,"minecraft:cobblestone":35,"minecraft:book":6,"iceandfire:dragon_stick":2,"minecraft:granite":9,"minecraft:chainmail_helmet":1,"mysticalagriculture:nether_quartz_essence":8,"minecraft:lava_bucket":2,"relics:roller_skates":1,"alexsmobs:ghostly_pickaxe":1,"minecraft:string":7,"ars_nouveau:caster_tome":1,"iceandfire:earplugs":1,"quark:blue_corundum_cluster":1,"minecraft:stone_sword":1,"pamhc2foodcore:fruitpunchitem":1,"minecraft:diamond_pickaxe":2,"minecraft:wooden_shovel":1,"easy_villagers:villager":1,"pamhc2foodextended:persimmonjuiceitem":1,"minecraft:leather":128,"minecraft:jungle_planks":2,"farmersdelight:onion":1,"minecraft:gold_ingot":6,"minecraft:gravel":17,"minecraft:cooked_mutton":1,"mekanism:basic_universal_cable":10,"sophisticatedbackpacks:anvil_upgrade":3,"minecraft:iron_bars":4,"minecraft:arrow":7,"reliquary:mob_charm_fragment":1,"minecraft:diorite":1,"minecraft:torch":1,"minecraft:iron_leggings":2,"minecraft:redstone_block":68,"minecraft:smooth_basalt":2,"minecraft:redstone":119,"refinedstorage:quartz_enriched_iron":12,"valhelsia_structures:light_gray_sleeping_bag":1,"minecraft:tuff":1,"minecraft:glass_pane":134,"minecraft:oak_sapling":2,"refinedstorageaddons:wireless_crafting_grid":1,"minecraft:spruce_log":2},"minecraft:crafted":{"minecraft:smooth_stone":6,"mekanismgenerators:solar_generator":37,"mekanism:ingot_osmium":66,"supplementaries:soap":12,"mekanism:advanced_energy_cube":1,"sophisticatedbackpacks:crafting_upgrade":1,"aquaculture:fish_fillet_raw":84,"minecraft:glass":192,"sophisticatedbackpacks:copper_backpack":4,"mekanism:energy_tablet":40,"mekanism:ingot_tin":119,"minecraft:wooden_shovel":1,"minecraft:emerald":12,"iceandfire:dragonscale_silver":3,"minecraft:copper_ingot":484,"iceandfire:earplugs":1,"mekanism:ingot_lead":11,"constructionwand:stone_wand":4,"minecraft:iron_pickaxe":2,"minecraft:iron_block":1210,"minecraft:gold_ingot":144,"pamhc2foodcore:potitem":1,"iceandfire:dragon_horn":3,"mekanism:advanced_universal_cable":40,"tombstone:book_of_disenchantment":1,"minecraft:stone_shovel":1,"minecraft:iron_nugget":3,"iceandfire:dragonforge_ice_brick":20,"sophisticatedbackpacks:stack_upgrade_tier_1":5,"mekanism:block_tin":8,"iceandfire:dragon_flute":1,"minecraft:spruce_fence":54,"minecraft:quartz":96,"minecraft:terracotta":12,"ars_nouveau:novice_spell_book":1,"minecraft:redstone_block":180,"quark:spruce_chest":1,"minecraft:dark_oak_planks":41,"minecraft:coal_block":44,"iceandfire:dragonforge_ice_input":1,"pamhc2foodextended:persimmonjuiceitem":2,"sophisticatedbackpacks:gold_backpack":5,"iceandfire:silver_block":2,"minecraft:enchanted_book":15,"minecraft:jungle_slab":12,"solarflux:sp_2":1,"create:zinc_block":2,"minecraft:iron_shovel":4,"minecraft:golden_hoe":1,"minecraft:oak_planks":18,"minecraft:barrel":4,"toolbelt:pouch":3,"minecraft:stone":6,"reliquary:glowing_bread":6,"mekanism:elite_energy_cube":1,"tombstone:grave_key":1,"minecraft:copper_block":117,"mekanism:ingot_steel":10,"minecraft:oak_slab":6,"mekanism:block_osmium":2,"sophisticatedbackpacks:backpack":1,"minecraft:crafting_table":3,"iceandfire:blindfold":2,"minecraft:spruce_planks":132,"iceandfire:dragonscale_white":11,"sophisticatedbackpacks:upgrade_base":6,"farmersdelight:cutting_board":1,"minecraft:dark_oak_slab":18,"minecraft:book":3,"minecraft:diamond_pickaxe":1,"mekanism:steel_casing":1,"minecraft:shield":1,"sophisticatedbackpacks:diamond_backpack":1,"pamhc2foodcore:fruitsaladitem":58,"minecraft:iron_ingot":9526,"iceandfire:dragonscale_sapphire":9,"pamhc2foodcore:juiceritem":2,"mekanism:block_lead":1,"minecraft:cherry_planks":96,"minecraft:coal":9,"mekanism:basic_universal_cable":56,"minecraft:redstone":1974,"delightful:bone_knife":1,"iceandfire:dragon_stick":2,"minecraft:furnace":2,"minecraft:blast_furnace":2,"minecraft:piston":2,"sophisticatedbackpacks:stack_upgrade_starter_tier":5,"refinedstorage:quartz_enriched_iron":12,"minecraft:glass_pane":400,"minecraft:flint_and_steel":1,"quark:dark_oak_chest":1,"mysticalagriculture:inferium_block":20353,"minecraft:leather":148,"minecraft:iron_axe":1,"mekanismgenerators:advanced_solar_generator":9,"sophisticatedbackpacks:stack_upgrade_tier_2":6,"pamhc2foodcore:fruitpunchitem":18,"iceandfire:dragon_bone_block":8,"solarflux:mirror":18,"sophisticatedbackpacks:iron_backpack":4,"iceandfire:silver_ingot":12,"mekanism:metallurgic_infuser":1,"iceandfire:dragon_meal":7,"iceandfire:dragonforge_ice_core_disabled":1,"minecraft:bread":9,"minecraft:air":0,"minecraft:jungle_planks":13,"solarflux:sp_1":1,"iceandfire:dragonscale_blue":2,"mekanism:basic_energy_cube":1,"minecraft:torch":44,"create:zinc_ingot":120,"minecraft:lapis_lazuli":9,"minecraft:lapis_block":3,"mekanismgenerators:solar_panel":112},"minecraft:used":{"mekanism:basic_energy_cube":1,"iceandfire:ghost_chest":1,"minecraft:bow":6,"iceandfire:chared_stone":26,"minecraft:sweet_berries":24,"supplementaries:ash":2,"minecraft:furnace":2,"iceandfire:frozen_cobblestone":11,"mekanism:advanced_universal_cable":27,"minecraft:diorite":3,"create:crimsite":2,"pamhc2foodcore:fruitpunchitem":3,"minecraft:cookie":1,"minecraft:blast_furnace":3,"mekanism:advanced_energy_cube":1,"iceandfire:chared_cobblestone":17,"minecraft:diamond_sword":937,"mekanismgenerators:solar_generator":6,"iceandfire:dragonegg_silver":1,"minecraft:iron_bars":2,"create:limestone":3,"minecraft:torch":96,"minecraft:brewing_stand":2,"iceandfire:dragonegg_sapphire":1,"solarflux:sp_2":2,"minecraft:iron_axe":217,"minecraft:barrel":9,"tombstone:gift":5,"comforts:sleeping_bag_white":22,"minecraft:cobbled_deepslate":22,"sophisticatedbackpacks:gold_backpack":4,"minecraft:wheat_seeds":4,"minecraft:water_bucket":39,"minecraft:birch_planks":2,"minecraft:cherry_planks":96,"minecraft:crafting_table":4,"iceandfire:dragonegg_white":1,"minecraft:spruce_log":1,"minecraft:diamond_pickaxe":3112,"minecraft:diamond_shovel":1036,"minecraft:iron_pickaxe":464,"iceandfire:dragon_horn":3,"tombstone:magic_scroll":2,"minecraft:spruce_sapling":27,"minecraft:cobblestone":73,"minecraft:glass_pane":19,"minecraft:iron_shovel":37,"valhelsia_structures:white_sleeping_bag":11,"minecraft:iron_sword":358,"minecraft:iron_chestplate":1,"minecraft:jungle_planks":1,"minecraft:carrot":4,"iceandfire:frozen_stone":17,"mekanism:basic_universal_cable":10,"sophisticatedbackpacks:diamond_backpack":1,"farmersdelight:cutting_board":1,"ars_nouveau:sourceberry_bush":19,"minecraft:stone_pickaxe":1,"minecraft:golden_hoe":191,"minecraft:dark_oak_log":24,"minecraft:bread":27,"mekanism:metallurgic_infuser":1,"minecraft:gravel":11,"mekanismgenerators:advanced_solar_generator":12,"minecraft:grindstone":1,"minecraft:tropical_fish_bucket":1,"minecraft:coarse_dirt":5,"minecraft:experience_bottle":27,"minecraft:flint_and_steel":20,"minecraft:stone_shovel":131,"minecraft:spruce_planks":2,"minecraft:wooden_shovel":45,"minecraft:dirt":160,"minecraft:granite":1,"minecraft:spruce_fence":47,"minecraft:wooden_axe":1,"solarflux:sp_1":9,"minecraft:deepslate_tile_stairs":1,"minecraft:baked_potato":4,"aquaculture:carp_bucket":2,"tombstone:bag_of_seeds":1,"mekanism:elite_energy_cube":1,"pamhc2foodcore:fruitsaladitem":44,"minecraft:bucket":50,"minecraft:pumpkin_pie":1},"minecraft:custom":{"minecraft:interact_with_crafting_table":76,"minecraft:open_barrel":257,"goblintraders:trade_with_goblin":206,"minecraft:bell_ring":1,"minecraft:eat_cake_slice":7,"minecraft:leave_game":10,"minecraft:time_since_death":79971,"minecraft:play_time":1256853,"minecraft:deaths":27,"minecraft:jump":9168,"minecraft:interact_with_furnace":116,"minecraft:traded_with_villager":17,"minecraft:sleep_in_bed":38,"minecraft:waystone_activated":6,"minecraft:damage_dealt":66645,"tombstone:use_disenchantment":1,"tombstone:undead_killed":221,"minecraft:interact_with_smoker":2,"minecraft:damage_dealt_absorbed":320,"minecraft:sneak_time":26250,"minecraft:interact_with_blast_furnace":60,"minecraft:total_world_time":1256853,"tombstone:raider_killed":2,"minecraft:items_extracted":1,"minecraft:time_since_rest":2472,"minecraft:swim_one_cm":137505,"minecraft:fly_one_cm":1463153,"minecraft:open_chest":57,"minecraft:fall_one_cm":216502,"lootr:looted_stat":240,"minecraft:animals_bred":19,"minecraft:sprint_one_cm":1932477,"minecraft:drop":169,"minecraft:talked_to_villager":11,"minecraft:walk_on_water_one_cm":104679,"minecraft:crouch_one_cm":82862,"minecraft:mob_kills":321,"minecraft:interact_with_campfire":5,"minecraft:damage_dealt_resisted":289,"minecraft:climb_one_cm":25201,"minecraft:walk_one_cm":2558000,"tombstone:consume_soul":1,"minecraft:walk_under_water_one_cm":80322,"minecraft:damage_taken":19781,"minecraft:damage_absorbed":140,"minecraft:trigger_trapped_chest":39},"minecraft:killed_by":{"alexsmobs:cachalot_whale":1,"minecraft:zombie":1,"minecraft:warden":3,"mekanismadditions:baby_enderman":1,"iceandfire:ghost":1,"iceandfire:cyclops":3,"iceandfire:ice_dragon":5,"minecraft:blaze":1,"iceandfire:fire_dragon":2,"minecraft:player":1,"iceandfire:dread_knight":2,"minecraft:skeleton":1},"minecraft:picked_up":{"iceandfire:dread_stone_bricks":2,"minecraft:iron_chestplate":3,"mekanism:dust_osmium":8,"mekanism:raw_uranium":39,"minecraft:diamond_sword":6,"minecraft:stone_slab":1,"minecraft:lead":4,"minecraft:enchanted_book":5,"minecraft:brewing_stand":2,"minecraft:amethyst_block":3,"minecraft:string":69,"create:limestone":3,"minecraft:cobbled_deepslate":283,"minecraft:diamond_leggings":5,"mysticalagriculture:inferium_essence":1445,"minecraft:gold_nugget":2104,"mekanism:basic_universal_cable":6,"minecraft:spruce_planks":1,"pamhc2crops:cloudberryitem":2,"mysticalagriculture:prosperity_shard":392,"mysticalagriculture:infusion_crystal":1,"minecraft:cherry_log":25,"minecraft:deepslate_tile_stairs":1,"mekanism:raw_tin":366,"botania:white_mystical_flower":4,"productivebees:sturdy_bee_cage":4,"minecraft:stone_sword":1,"artifacts:villager_hat":5,"farmersdelight:onion":17,"supplementaries:ash":51,"ars_nouveau:sourceberry_bush":305,"minecraft:white_terracotta":57,"minecraft:iron_bars":10,"iceandfire:sapphire_gem":12,"minecraft:mossy_cobblestone_slab":3,"minecraft:feather":1,"sophisticatedbackpacks:anvil_upgrade":4,"minecraft:water_bucket":2,"mekanism:block_osmium":11,"minecraft:flint":5,"pamhc2foodcore:juiceritem":1,"iceandfire:dragonegg_sapphire":1,"biomesoplenty:snowblossom_sapling":36,"minecraft:diamond_helmet":6,"aquaculture:carp_bucket":2,"relics:hunter_belt":1,"sophisticatedbackpacks:iron_backpack":3,"minecraft:dark_oak_log":40,"iceandfire:chared_cobblestone":72,"minecraft:bundle":2,"create:crimsite":2,"minecraft:granite":44,"solarflux:sp_1":14,"minecraft:chainmail_helmet":2,"mekanism:advanced_energy_cube":1,"iceandfire:gorgon_head":1,"alexsmobs:maggot":4,"minecraft:rooted_dirt":2,"minecraft:diamond_pickaxe":5,"iceandfire:raw_silver":62,"sophisticatedbackpacks:gold_backpack":10,"minecraft:crafting_table":3,"minecraft:coarse_dirt":6,"productivebees:slimy_nest":1,"ecologics:seashell":2,"mekanism:alloy_infused":63,"tombstone:scroll_of_preservation":1,"iceandfire:dragonegg_silver":1,"relics:leather_belt":2,"minecraft:glass_pane":134,"minecraft:beef":9,"iceandfire:dread_shard":4,"minecraft:poppy":2,"minecraft:iron_nugget":10,"minecraft:egg":8,"minecraft:stone":6,"reliquary:rib_bone":2,"sophisticatedbackpacks:crafting_upgrade":1,"farmersdelight:minced_beef":28,"sophisticatedbackpacks:backpack":3,"minecraft:spruce_fence":1,"farmersdelight:tomato_seeds":8,"minecraft:carrot":48,"minecraft:redstone":409,"valhelsia_structures:white_sleeping_bag":13,"iceandfire:dragon_skull_ice":4,"ars_nouveau:green_archwood_log":54,"minecraft:tnt":1,"minecraft:diamond_chestplate":5,"relics:arrow_quiver":1,"iceandfire:dragonscales_silver":33,"minecraft:diamond_boots":5,"aquaculture:carp":1,"artifacts:pocket_piston":2,"minecraft:gold_ingot":8,"minecraft:mutton":2,"minecraft:white_wool":2,"wandering_bags:pillager_bag":2,"mekanism:raw_lead":68,"refinedstorageaddons:wireless_crafting_grid":3,"iceandfire:troll_leather_mountain":2,"productivebees:snow_nest":1,"minecraft:oak_log":5,"iceandfire:dragonscales_blue":44,"minecraft:paper":1,"mekanism:dust_steel":2,"minecraft:apple":1,"minecraft:stone_bricks":1,"minecraft:cobweb":12,"tombstone:bag_of_seeds":4,"relics:infinity_ham":2,"minecraft:iron_sword":4,"iceandfire:chared_stone":61,"minecraft:smooth_basalt":17,"minecraft:milk_bucket":1,"minecraft:sweet_berries":48,"minecraft:gravel":43,"minecraft:spruce_sapling":39,"minecraft:spruce_log":89,"quark:blue_corundum_cluster":1,"minecraft:leather_helmet":1,"travelersbackpack:standard":1,"minecraft:diamond_shovel":2,"minecraft:slime_ball":6,"mekanism:advanced_universal_cable":10,"iceandfire:ice_dragon_flesh":21,"pamhc2foodcore:fruitsaladitem":155,"pamhc2trees:coconutitem":8,"minecraft:ender_pearl":1,"ars_nouveau:caster_tome":2,"minecraft:wheat":162,"minecraft:redstone_block":21,"iceandfire:dragonegg_white":1,"mysticalagriculture:iron_seeds":1,"minecraft:stone_brick_stairs":1,"minecraft:raw_copper":1739,"minecraft:iron_leggings":1,"minecraft:experience_bottle":2,"reliquary:zombie_heart":11,"minecraft:bucket":3,"comforts:sleeping_bag_white":26,"delightful:acorn":3,"minecraft:rose_bush":2,"minecraft:cobblestone_slab":4,"minecraft:calcite":3,"minecraft:iron_pickaxe":1,"toolbelt:belt":3,"iceandfire:frozen_gravel":1,"delightful:green_tea_leaf":16,"minecraft:iron_boots":2,"minecraft:furnace":2,"minecraft:tipped_arrow":1,"tombstone:scroll_of_lightning_resistance":1,"minecraft:stick":89,"iceandfire:ghost_chest":1,"minecraft:torch":49,"quark:yellow_corundum_cluster":1,"tombstone:grave_dust":28,"minecraft:diorite":57,"mekanismgenerators:solar_generator":5,"minecraft:quartz_block":1,"minecraft:rotten_flesh":159,"autumnity:turkey_egg":1,"create:veridium":19,"biomesoplenty:white_petals":5,"reliquary:mob_charm_fragment":6,"mekanism:ingot_osmium":40,"minecraft:cobblestone":674,"mekanismgenerators:advanced_solar_generator":3,"relics:roller_skates":1,"minecraft:lilac":3,"minecraft:andesite":67,"minecraft:golden_leggings":1,"minecraft:potato":57,"minecraft:tuff":20,"create:raw_zinc":393,"minecraft:lapis_lazuli":468,"minecraft:dirt":168,"minecraft:glass":84,"minecraft:bone":93,"minecraft:bow":6,"minecraft:wheat_seeds":282,"minecraft:raw_gold":104,"minecraft:cobbled_deepslate_slab":1,"minecraft:grindstone":1,"minecraft:jungle_planks":2,"minecraft:sand":1121,"minecraft:nether_brick_stairs":1,"minecraft:mossy_cobblestone":15,"productivebees:spruce_wood_nest":1,"minecraft:diamond":6,"iceandfire:dread_stone_bricks_mossy":1,"iceandfire:dragon_ice":2,"minecraft:emerald":77,"minecraft:netherrack":51,"minecraft:oak_sapling":14,"iceandfire:silver_nugget":154,"minecraft:allium":17,"minecraft:azure_bluet":2,"toolbelt:pouch":1,"minecraft:brown_mushroom":7,"iceandfire:frozen_cobblestone":16,"iceandfire:frozen_stone":36,"minecraft:iron_axe":1,"reliquary:chelicerae":4,"tombstone:tablet_of_assistance":2,"minecraft:sugar_cane":33,"iceandfire:ice_dragon_heart":4,"minecraft:raw_iron":464,"iceandfire:dragonbone":43,"pamhc2trees:figitem":6,"minecraft:copper_ingot":8,"mekanism:basic_energy_cube":1,"create:zinc_ingot":67,"pamhc2foodcore:fruitpunchitem":8,"minecraft:dark_oak_planks":4,"iceandfire:blindfold":1,"iceandfire:silver_ingot":6,"minecraft:arrow":74,"minecraft:golden_hoe":1,"minecraft:nether_bricks":8,"mysticalagriculture:nether_quartz_essence":72,"pamhc2trees:grapefruititem":2,"autumnity:snail_goo":2,"alexsmobs:ghostly_pickaxe":1,"minecraft:skeleton_skull":2,"minecraft:air":3,"minecraft:glow_ink_sac":1,"minecraft:leather":9,"minecraft:birch_planks":2,"quark:smithing_template_rune":1,"alexsmobs:cachalot_whale_tooth":1,"minecraft:chainmail_chestplate":1,"iceandfire:ectoplasm":5,"iceandfire:dread_stone_bricks_cracked":7,"minecraft:gunpowder":13,"minecraft:cobblestone_stairs":3,"tombstone:voodoo_poppet":2,"quark:forgotten_hat":1,"naturalist:glow_goop":1,"minecraft:cooked_mutton":5,"ars_nouveau:green_archwood_sapling":9,"quark:music_disc_crickets":2,"iceandfire:dragon_stick":1,"minecraft:iron_ingot":233,"sophisticatedbackpacks:diamond_backpack":5,"minecraft:book":7,"minecraft:scaffolding":1,"artifacts:obsidian_skull":2,"iceandfire:dragon_horn":1,"minecraft:pumpkin":1,"minecraft:dandelion":1,"ars_nouveau:novice_spell_book":3,"minecraft:lava_bucket":2,"refinedstorage:quartz_enriched_iron":8,"minecraft:amethyst_shard":12,"sophisticatedbackpacks:stack_upgrade_tier_1":1,"minecraft:blast_furnace":1,"mekanism:raw_osmium":66,"minecraft:spider_eye":17,"alexsmobs:raw_catfish":2,"minecraft:chainmail_leggings":2,"minecraft:iron_helmet":2,"mekanism:fluorite_gem":98,"upgrade_aquatic:pink_searocket":24,"tombstone:magic_scroll":4,"minecraft:terracotta":4,"minecraft:coal":710},"minecraft:killed":{"minecraft:cave_spider":1,"iceandfire:gorgon":1,"enemyexpansion:equestrian":1,"minecraft:skeleton":48,"naturalist:firefly":2,"minecraft:pillager":2,"minecraft:zombie":111,"enemyexpansion:botfly":13,"minecraft:glow_squid":1,"mekanismadditions:baby_skeleton":3,"enemyexpansion:sprinter":3,"alexsmobs:catfish":1,"iceandfire:ghost":44,"iceandfire:ice_dragon":2,"minecraft:spider":46,"quark:forgotten":1,"minecraft:silverfish":1,"artifacts:mimic":1,"minecraft:pig":1,"minecraft:zombie_villager":2,"minecraft:creeper":2,"mowziesmobs:lantern":1,"minecraft:stray":2,"alexsmobs:fly":2,"minecraft:slime":1,"enemyexpansion:direwolf":10,"autumnity:snail":1,"enemyexpansion:goblin":2,"naturalist:butterfly":1,"iceandfire:troll":1,"enemyexpansion:huntsman":3,"alexsmobs:crow":1,"minecraft:wither_skeleton":1,"enemyexpansion:slugger":1}},"DataVersion":3465}