{
  "comforts:sleeping_bag_light_blue": {
    "criteria": {
      "has_the_recipe": "2024-06-01 16:32:25 -0600"
    },
    "done": true
  },
  "comforts:hammock_purple": {
    "criteria": {
      "has_the_recipe": "2024-06-01 16:32:25 -0600"
    },
    "done": true
  },
  "comforts:sleeping_bag_pink": {
    "criteria": {
      "has_the_recipe": "2024-06-01 16:32:25 -0600"
    },
    "done": true
  },
  "comforts:hammock_magenta": {
    "criteria": {
      "has_the_recipe": "2024-06-01 16:32:25 -0600"
    },
    "done": true
  },
  "comforts:hammock_red": {
    "criteria": {
      "has_the_recipe": "2024-06-01 16:32:25 -0600"
    },
    "done": true
  },
  "comforts:sleeping_bag_white": {
    "criteria": {
      "has_the_recipe": "2024-06-01 16:32:25 -0600"
    },
    "done": true
  },
  "comforts:sleeping_bag_gray": {
    "criteria": {
      "has_the_recipe": "2024-06-01 16:32:25 -0600"
    },
    "done": true
  },
  "comforts:rope_and_nail": {
    "criteria": {
      "has_the_recipe": "2024-06-01 16:32:25 -0600"
    },
    "done": true
  },
  "comforts:sleeping_bag_cyan": {
    "criteria": {
      "has_the_recipe": "2024-06-01 16:32:25 -0600"
    },
    "done": true
  },
  "comforts:sleeping_bag_light_gray": {
    "criteria": {
      "has_the_recipe": "2024-06-01 16:32:25 -0600"
    },
    "done": true
  },
  "comforts:hammock_black": {
    "criteria": {
      "has_the_recipe": "2024-06-01 16:32:25 -0600"
    },
    "done": true
  },
  "ars_nouveau:root": {
    "criteria": {
      "ars_nouveau:worn_notebook": "2024-06-01 16:32:25 -0600"
    },
    "done": true
  },
  "farmersdelight:main/root": {
    "criteria": {
      "seeds": "2024-06-01 16:32:25 -0600"
    },
    "done": true
  },
  "create:root": {
    "criteria": {
      "0": "2024-06-01 16:32:25 -0600"
    },
    "done": true
  },
  "comforts:hammock_gray": {
    "criteria": {
      "has_the_recipe": "2024-06-01 16:32:25 -0600"
    },
    "done": true
  },
  "comforts:hammock_cyan": {
    "criteria": {
      "has_the_recipe": "2024-06-01 16:32:25 -0600"
    },
    "done": true
  },
  "comforts:sleeping_bag_purple": {
    "criteria": {
      "has_the_recipe": "2024-06-01 16:32:25 -0600"
    },
    "done": true
  },
  "comforts:sleeping_bag_green": {
    "criteria": {
      "has_the_recipe": "2024-06-01 16:32:25 -0600"
    },
    "done": true
  },
  "comforts:hammock_light_blue": {
    "criteria": {
      "has_the_recipe": "2024-06-01 16:32:25 -0600"
    },
    "done": true
  },
  "comforts:sleeping_bag_magenta": {
    "criteria": {
      "has_the_recipe": "2024-06-01 16:32:25 -0600"
    },
    "done": true
  },
  "comforts:hammock_green": {
    "criteria": {
      "has_the_recipe": "2024-06-01 16:32:25 -0600"
    },
    "done": true
  },
  "comforts:sleeping_bag_black": {
    "criteria": {
      "has_the_recipe": "2024-06-01 16:32:25 -0600"
    },
    "done": true
  },
  "comforts:hammock_lime": {
    "criteria": {
      "has_the_recipe": "2024-06-01 16:32:25 -0600"
    },
    "done": true
  },
  "comforts:sleeping_bag_red": {
    "criteria": {
      "has_the_recipe": "2024-06-01 16:32:25 -0600"
    },
    "done": true
  },
  "comforts:sleeping_bag_orange": {
    "criteria": {
      "has_the_recipe": "2024-06-01 16:32:25 -0600"
    },
    "done": true
  },
  "mekanism:root": {
    "criteria": {
      "automatic": "2024-06-01 16:32:25 -0600"
    },
    "done": true
  },
  "comforts:hammock_blue": {
    "criteria": {
      "has_the_recipe": "2024-06-01 16:32:25 -0600"
    },
    "done": true
  },
  "travelersbackpack:standard_from_custom": {
    "criteria": {
      "has_the_recipe": "2024-06-01 16:32:25 -0600"
    },
    "done": true
  },
  "comforts:hammock_white": {
    "criteria": {
      "has_the_recipe": "2024-06-01 16:32:25 -0600"
    },
    "done": true
  },
  "comforts:hammock_light_gray": {
    "criteria": {
      "has_the_recipe": "2024-06-01 16:32:25 -0600"
    },
    "done": true
  },
  "comforts:sleeping_bag_brown": {
    "criteria": {
      "has_the_recipe": "2024-06-01 16:32:25 -0600"
    },
    "done": true
  },
  "comforts:hammock_pink": {
    "criteria": {
      "has_the_recipe": "2024-06-01 16:32:25 -0600"
    },
    "done": true
  },
  "comforts:hammock_brown": {
    "criteria": {
      "has_the_recipe": "2024-06-01 16:32:25 -0600"
    },
    "done": true
  },
  "comforts:sleeping_bag_lime": {
    "criteria": {
      "has_the_recipe": "2024-06-01 16:32:25 -0600"
    },
    "done": true
  },
  "comforts:hammock_yellow": {
    "criteria": {
      "has_the_recipe": "2024-06-01 16:32:25 -0600"
    },
    "done": true
  },
  "comforts:sleeping_bag_blue": {
    "criteria": {
      "has_the_recipe": "2024-06-01 16:32:25 -0600"
    },
    "done": true
  },
  "comforts:sleeping_bag_yellow": {
    "criteria": {
      "has_the_recipe": "2024-06-01 16:32:25 -0600"
    },
    "done": true
  },
  "comforts:hammock_orange": {
    "criteria": {
      "has_the_recipe": "2024-06-01 16:32:25 -0600"
    },
    "done": true
  },
  "iceandfire:iceandfire/root": {
    "criteria": {
      "tick": "2024-06-01 16:32:30 -0600"
    },
    "done": true
  },
  "biomesoplenty:biomesoplenty/root": {
    "criteria": {
      "grassland": "2024-06-01 16:32:30 -0600"
    },
    "done": true
  },
  "inventorypets:root": {
    "criteria": {
      "auto": "2024-06-01 16:32:30 -0600"
    },
    "done": true
  },
  "repurposed_structures:root": {
    "criteria": {
      "always": "2024-06-01 16:32:30 -0600"
    },
    "done": true
  },
  "biomesoplenty:biomesoplenty/all_biomes": {
    "criteria": {
      "muskeg": "2024-06-08 18:29:05 -0600",
      "shrubland": "2024-06-01 17:46:42 -0600",
      "snowblossom_grove": "2024-06-08 18:15:10 -0600",
      "rocky_shrubland": "2024-06-01 17:47:35 -0600",
      "highland": "2024-06-01 20:47:40 -0600",
      "clover_patch": "2024-06-01 20:54:14 -0600",
      "maple_woods": "2024-06-01 18:55:42 -0600",
      "field": "2024-06-01 16:34:56 -0600",
      "orchard": "2024-06-01 20:53:31 -0600",
      "moor": "2024-06-01 20:54:11 -0600",
      "coniferous_forest": "2024-06-01 18:15:39 -0600",
      "forested_field": "2024-06-01 17:22:37 -0600",
      "spider_nest": "2024-06-01 20:48:31 -0600",
      "seasonal_orchard": "2024-06-01 20:54:54 -0600",
      "seasonal_forest": "2024-06-01 19:06:59 -0600",
      "fir_clearing": "2024-06-02 19:04:36 -0600",
      "grassland": "2024-06-01 16:32:30 -0600",
      "snowy_fir_clearing": "2024-06-08 19:33:26 -0600",
      "tundra": "2024-06-01 20:55:34 -0600",
      "crag": "2024-06-01 17:48:13 -0600",
      "ominous_woods": "2024-06-01 18:37:51 -0600"
    },
    "done": false
  },
  "mowziesmobs:root": {
    "criteria": {
      "custom_test_name": "2024-06-01 16:32:30 -0600"
    },
    "done": true
  },
  "lootr:root": {
    "criteria": {
      "always_true": "2024-06-01 16:32:30 -0600"
    },
    "done": true
  },
  "tombstone:adventure/root": {
    "criteria": {
      "auto": "2024-06-01 16:32:30 -0600"
    },
    "done": true
  },
  "lootr:1chest": {
    "criteria": {
      "opened_chest": "2024-06-01 16:34:12 -0600"
    },
    "done": true
  },
  "lootr:social": {
    "criteria": {
      "opened_barrel": "2024-06-01 16:53:15 -0600",
      "opened_chest": "2024-06-01 16:34:12 -0600",
      "opened_cart": "2024-06-08 16:48:06 -0600"
    },
    "done": false
  },
  "artifacts:amateur_archaeologist": {
    "criteria": {
      "find_artifact": "2024-06-01 16:34:14 -0600"
    },
    "done": true
  },
  "minecraft:adventure/adventuring_time": {
    "criteria": {
      "minecraft:snowy_slopes": "2024-06-01 20:55:22 -0600",
      "minecraft:old_growth_pine_taiga": "2024-06-01 16:52:53 -0600",
      "minecraft:taiga": "2024-06-05 17:53:09 -0600",
      "minecraft:frozen_river": "2024-06-08 18:51:51 -0600",
      "minecraft:beach": "2024-06-01 16:34:29 -0600",
      "minecraft:dark_forest": "2024-06-01 16:53:02 -0600",
      "minecraft:river": "2024-06-01 16:41:32 -0600",
      "minecraft:snowy_plains": "2024-06-08 19:06:17 -0600",
      "minecraft:dripstone_caves": "2024-06-08 19:06:48 -0600",
      "minecraft:cold_ocean": "2024-06-01 16:42:08 -0600",
      "minecraft:forest": "2024-06-01 20:53:54 -0600",
      "minecraft:lush_caves": "2024-06-15 23:52:07 -0600",
      "autumnity:autumnity:maple_forest": "2024-06-01 18:17:16 -0600",
      "minecraft:ocean": "2024-06-01 17:05:12 -0600",
      "minecraft:frozen_peaks": "2024-06-01 20:55:24 -0600",
      "minecraft:old_growth_birch_forest": "2024-06-01 20:54:03 -0600",
      "minecraft:deep_dark": "2024-06-08 18:03:36 -0600",
      "minecraft:meadow": "2024-06-01 20:54:41 -0600",
      "minecraft:plains": "2024-06-08 19:07:46 -0600",
      "autumnity:autumnity:pumpkin_fields": "2024-06-01 18:37:24 -0600"
    },
    "done": false
  },
  "minecraft:story/obtain_armor": {
    "criteria": {
      "iron_chestplate": "2024-06-01 16:39:22 -0600"
    },
    "done": true
  },
  "farmersdelight:main/get_fd_seed": {
    "criteria": {
      "rice": "2024-06-01 16:39:37 -0600"
    },
    "done": true
  },
  "minecraft:husbandry/balanced_diet": {
    "criteria": {
      "neapolitan:banana": "2024-06-15 23:47:44 -0600",
      "bread": "2024-06-01 16:41:13 -0600"
    },
    "done": false
  },
  "minecraft:husbandry/root": {
    "criteria": {
      "consumed_item": "2024-06-01 16:41:13 -0600"
    },
    "done": true
  },
  "minecraft:story/iron_tools": {
    "criteria": {
      "iron_pickaxe": "2024-06-01 16:42:16 -0600"
    },
    "done": true
  },
  "minecraft:story/smelt_iron": {
    "criteria": {
      "iron": "2024-06-01 16:42:16 -0600"
    },
    "done": true
  },
  "minecraft:adventure/sleep_in_bed": {
    "criteria": {
      "slept_in_bed": "2024-06-01 16:43:42 -0600"
    },
    "done": true
  },
  "lootr:1barrel": {
    "criteria": {
      "opened_barrel": "2024-06-01 16:53:15 -0600"
    },
    "done": true
  },
  "lootr:10loot": {
    "criteria": {
      "loot_stat": "2024-06-01 16:54:42 -0600"
    },
    "done": true
  },
  "minecraft:story/mine_stone": {
    "criteria": {
      "get_stone": "2024-06-01 17:00:05 -0600"
    },
    "done": true
  },
  "aquamirae:adventure/root": {
    "criteria": {
      "crafting_table": "2024-06-01 17:01:11 -0600"
    },
    "done": true
  },
  "minecraft:story/root": {
    "criteria": {
      "crafting_table": "2024-06-01 17:01:11 -0600"
    },
    "done": true
  },
  "minecraft:adventure/root": {
    "criteria": {
      "killed_something": "2024-06-01 17:04:06 -0600"
    },
    "done": true
  },
  "minecraft:adventure/kill_all_mobs": {
    "criteria": {
      "minecraft:blaze": "2024-06-08 18:23:03 -0600",
      "minecraft:pillager": "2024-06-08 18:26:08 -0600",
      "minecraft:skeleton": "2024-06-01 17:55:57 -0600",
      "minecraft:spider": "2024-06-01 17:04:55 -0600",
      "minecraft:creeper": "2024-06-02 18:41:01 -0600",
      "minecraft:witch": "2024-06-08 17:09:07 -0600",
      "minecraft:wither_skeleton": "2024-06-02 20:01:00 -0600",
      "minecraft:cave_spider": "2024-06-02 20:03:10 -0600",
      "minecraft:enderman": "2024-06-02 19:53:41 -0600",
      "minecraft:silverfish": "2024-06-02 20:01:44 -0600",
      "minecraft:stray": "2024-06-02 19:53:29 -0600",
      "minecraft:zombie": "2024-06-01 17:04:06 -0600",
      "minecraft:drowned": "2024-06-01 17:54:09 -0600",
      "minecraft:zombie_villager": "2024-06-08 18:58:47 -0600"
    },
    "done": false
  },
  "minecraft:adventure/kill_a_mob": {
    "criteria": {
      "minecraft:zombie": "2024-06-01 17:04:06 -0600"
    },
    "done": true
  },
  "tombstone:adventure/cancel_ghostly_shape": {
    "criteria": {
      "coded_trigger": "2024-06-01 17:10:43 -0600"
    },
    "done": true
  },
  "tombstone:recipes/from_grave_dust": {
    "criteria": {
      "has_ingredient": "2024-06-01 17:10:45 -0600"
    },
    "done": true
  },
  "mekanismadditions:hurt_by_babies": {
    "criteria": {
      "baby_enderman": "2024-06-01 17:24:05 -0600",
      "baby_skeleton": "2024-06-01 17:54:42 -0600",
      "baby_creeper": "2024-06-08 17:02:55 -0600"
    },
    "done": false
  },
  "create:copper": {
    "criteria": {
      "0": "2024-06-01 17:49:25 -0600"
    },
    "done": true
  },
  "botania:challenge/root": {
    "criteria": {
      "flower": "2024-06-01 17:52:54 -0600"
    },
    "done": true
  },
  "botania:main/root": {
    "criteria": {
      "flower": "2024-06-01 17:52:54 -0600"
    },
    "done": true
  },
  "botania:main/flower_pickup_lexicon": {
    "criteria": {
      "flower": "2024-06-01 17:52:54 -0600"
    },
    "done": true
  },
  "botania:main/flower_pickup": {
    "criteria": {
      "flower": "2024-06-01 17:52:54 -0600"
    },
    "done": true
  },
  "mekanismadditions:not_the_babies": {
    "criteria": {
      "baby_skeleton": "2024-06-01 17:54:47 -0600"
    },
    "done": true
  },
  "tombstone:adventure/find_grave_dust": {
    "criteria": {
      "from_undead": "2024-06-01 17:55:57 -0600"
    },
    "done": true
  },
  "tombstone:adventure/first_knowledge": {
    "criteria": {
      "coded_trigger": "2024-06-01 17:55:57 -0600"
    },
    "done": true
  },
  "tombstone:adventure/choose_knowledge": {
    "criteria": {
      "coded_trigger": "2024-06-01 17:59:02 -0600"
    },
    "done": true
  },
  "farmersdelight:main/craft_knife": {
    "criteria": {
      "bone_knife": "2024-06-01 18:05:12 -0600"
    },
    "done": true
  },
  "alexsmobs:alexsmobs/orcas_might": {
    "criteria": {
      "all_effects": "2024-06-01 18:06:39 -0600"
    },
    "done": true
  },
  "alexsmobs:alexsmobs/banana": {
    "criteria": {
      "banana": "2024-06-01 18:10:22 -0600"
    },
    "done": true
  },
  "tombstone:adventure/ashes_and_bones": {
    "criteria": {
      "coded_trigger": "2024-06-01 18:15:43 -0600"
    },
    "done": true
  },
  "iceandfire:iceandfire/bestiary": {
    "criteria": {
      "bestiary": "2024-06-01 18:20:27 -0600"
    },
    "done": true
  },
  "iceandfire:iceandfire/lectern": {
    "criteria": {
      "bestiary": "2024-06-01 18:20:44 -0600"
    },
    "done": true
  },
  "lootr:25loot": {
    "criteria": {
      "loot_stat": "2024-06-01 18:23:14 -0600"
    },
    "done": true
  },
  "iceandfire:iceandfire/kill_ghost": {
    "criteria": {
      "killed_fire_dragon": "2024-06-01 18:23:31 -0600"
    },
    "done": true
  },
  "lootr:50loot": {
    "criteria": {
      "loot_stat": "2024-06-01 18:27:36 -0600"
    },
    "done": true
  },
  "tombstone:adventure/strong_or_careful": {
    "criteria": {
      "coded_trigger": "2024-06-01 18:50:53 -0600"
    },
    "done": true
  },
  "minecraft:story/mine_diamond": {
    "criteria": {
      "diamond": "2024-06-01 19:03:57 -0600"
    },
    "done": true
  },
  "minecraft:adventure/trade": {
    "criteria": {
      "traded": "2024-06-01 19:34:02 -0600"
    },
    "done": true
  },
  "dungeons_arise:wda_root": {
    "criteria": {
      "WDA": "2024-06-01 20:43:16 -0600"
    },
    "done": true
  },
  "dragonfinder:dragonfinder/dragon_eye": {
    "criteria": {
      "bestiary": "2024-06-01 20:45:34 -0600"
    },
    "done": true
  },
  "quark:overlevel_enchant": {
    "criteria": {
      "overlevel_enchant": "2024-06-01 21:40:01 -0600"
    },
    "done": true
  },
  "productivebees:husbandry/advanced_beehive": {
    "criteria": {
      "get_hive": "2024-06-01 22:07:19 -0600"
    },
    "done": true
  },
  "tombstone:adventure/create_decorative_grave": {
    "criteria": {
      "has_decorative_grave": "2024-06-01 22:29:12 -0600"
    },
    "done": true
  },
  "tombstone:recipes/from_decorative_grave": {
    "criteria": {
      "has_ingredient": "2024-06-01 22:29:12 -0600"
    },
    "done": true
  },
  "minecraft:story/upgrade_tools": {
    "criteria": {
      "stone_pickaxe": "2024-06-01 22:34:37 -0600"
    },
    "done": true
  },
  "minecraft:story/shiny_gear": {
    "criteria": {
      "diamond_chestplate": "2024-06-01 22:35:49 -0600"
    },
    "done": true
  },
  "botanypots:husbandry/get_basic_pot": {
    "criteria": {
      "get_botany_pot": "2024-06-02 18:37:20 -0600"
    },
    "done": true
  },
  "botanypots:husbandry/get_hopper_pot": {
    "criteria": {
      "get_hopper_pot": "2024-06-02 18:38:05 -0600"
    },
    "done": true
  },
  "farmersdelight:main/get_rich_soil": {
    "criteria": {
      "get_rich_soil": "2024-06-02 18:39:59 -0600"
    },
    "done": true
  },
  "farmersdelight:main/place_organic_compost": {
    "criteria": {
      "place_organic_compost": "2024-06-02 18:40:19 -0600"
    },
    "done": true
  },
  "farmersdelight:main/plant_all_crops": {
    "criteria": {
      "brown_mushroom": "2024-06-02 18:40:21 -0600"
    },
    "done": false
  },
  "quark:get_all_corundum": {
    "criteria": {
      "blue": "2024-06-02 18:53:53 -0600"
    },
    "done": false
  },
  "mekanism:materials": {
    "criteria": {
      "material": "2024-06-02 18:59:09 -0600"
    },
    "done": true
  },
  "tombstone:adventure/create_voodoo_poppet": {
    "criteria": {
      "has_voodoo_poppet": "2024-06-02 19:31:59 -0600"
    },
    "done": true
  },
  "tombstone:adventure/enchant_voodoo_poppet": {
    "criteria": {
      "has_enchanted_voodoo_poppet": "2024-06-02 19:31:59 -0600"
    },
    "done": true
  },
  "tombstone:adventure/create_magic_scroll": {
    "criteria": {
      "has_magic_scroll": "2024-06-02 19:32:17 -0600"
    },
    "done": true
  },
  "tombstone:adventure/create_magic_tablet": {
    "criteria": {
      "has_magic_tablet": "2024-06-02 19:46:36 -0600"
    },
    "done": true
  },
  "tombstone:adventure/bone_crusher": {
    "criteria": {
      "coded_trigger": "2024-06-02 19:55:59 -0600"
    },
    "done": true
  },
  "lootr:100loot": {
    "criteria": {
      "loot_stat": "2024-06-02 19:57:17 -0600"
    },
    "done": true
  },
  "minecraft:story/form_obsidian": {
    "criteria": {
      "obsidian": "2024-06-02 20:17:16 -0600"
    },
    "done": true
  },
  "artifacts:chest_slayer": {
    "criteria": {
      "kill_mimic": "2024-06-02 20:24:36 -0600"
    },
    "done": true
  },
  "tombstone:adventure/ambush": {
    "criteria": {
      "coded_trigger": "2024-06-02 21:03:18 -0600"
    },
    "done": true
  },
  "farmersdelight:main/use_cutting_board": {
    "criteria": {
      "cutting_board": "2024-06-02 21:31:31 -0600"
    },
    "done": true
  },
  "mekanism:infused_alloy": {
    "criteria": {
      "alloy_infused": "2024-06-04 19:00:08 -0600"
    },
    "done": true
  },
  "mekanism:energy_transport": {
    "criteria": {
      "basic_universal_cable": "2024-06-04 19:00:32 -0600"
    },
    "done": true
  },
  "mekanismgenerators:solar_generator": {
    "criteria": {
      "solar_generator": "2024-06-04 19:03:03 -0600"
    },
    "done": true
  },
  "mekanism:basic_control_circuit": {
    "criteria": {
      "basic_control_circuit": "2024-06-04 19:16:31 -0600"
    },
    "done": true
  },
  "mekanism:steel_ingot": {
    "criteria": {
      "ingot_steel": "2024-06-04 19:19:36 -0600"
    },
    "done": true
  },
  "minecraft:story/lava_bucket": {
    "criteria": {
      "lava_bucket": "2024-06-04 19:27:54 -0600"
    },
    "done": true
  },
  "mekanism:factory": {
    "criteria": {
      "factory": "2024-06-04 19:32:30 -0600"
    },
    "done": true
  },
  "mekanism:metallurgic_infuser": {
    "criteria": {
      "metallurgic_infuser": "2024-06-04 19:34:43 -0600"
    },
    "done": true
  },
  "mekanism:energy_cube": {
    "criteria": {
      "basic_energy_cube": "2024-06-04 19:39:13 -0600"
    },
    "done": true
  },
  "tombstone:adventure/neighborhood_brawl": {
    "criteria": {
      "coded_trigger": "2024-06-04 20:20:11 -0600"
    },
    "done": true
  },
  "refinedstorage:root": {
    "criteria": {
      "controller_in_inventory": "2024-06-05 18:03:23 -0600"
    },
    "done": true
  },
  "refinedstorage:manipulating_disks": {
    "criteria": {
      "disk_manipulator_in_inventory": "2024-06-05 18:12:33 -0600"
    },
    "done": true
  },
  "refinedstorage:drives": {
    "criteria": {
      "disk_drive_in_inventory": "2024-06-05 18:22:44 -0600"
    },
    "done": true
  },
  "refinedstorage:importing": {
    "criteria": {
      "importer_in_inventory": "2024-06-05 18:25:06 -0600"
    },
    "done": true
  },
  "refinedstorage:connecting": {
    "criteria": {
      "cable_in_inventory": "2024-06-05 18:26:23 -0600"
    },
    "done": true
  },
  "refinedstorage:wireless": {
    "criteria": {
      "wireless_transmitter_in_inventory": "2024-06-05 18:32:14 -0600"
    },
    "done": true
  },
  "refinedstorage:no_cables_required": {
    "criteria": {
      "network_transmitter_receiver_card_in_inventory": "2024-06-05 18:38:49 -0600"
    },
    "done": true
  },
  "iceandfire:iceandfire/rotten_egg": {
    "criteria": {
      "bestiary": "2024-06-05 19:16:04 -0600"
    },
    "done": true
  },
  "tombstone:adventure/almost_unkillable": {
    "criteria": {
      "coded_trigger": "2024-06-05 19:20:28 -0600"
    },
    "done": true
  },
  "tombstone:adventure/chain_death": {
    "criteria": {
      "coded_trigger": "2024-06-05 19:21:21 -0600"
    },
    "done": true
  },
  "minecraft:adventure/shoot_arrow": {
    "criteria": {
      "shot_arrow": "2024-06-05 19:24:47 -0600"
    },
    "done": true
  },
  "iceandfire:iceandfire/kill_if_dragon": {
    "criteria": {
      "killed_fire_dragon": "2024-06-05 19:25:01 -0600"
    },
    "done": true
  },
  "enemyexpansion:vampire_slayer": {
    "criteria": {
      "vampire_slayer_0": "2024-06-08 16:42:04 -0600"
    },
    "done": true
  },
  "lootr:1cart": {
    "criteria": {
      "opened_cart": "2024-06-08 16:48:06 -0600"
    },
    "done": true
  },
  "alexsmobs:alexsmobs/ghostly_pickaxe": {
    "criteria": {
      "ghostly_pickaxe": "2024-06-08 16:59:27 -0600"
    },
    "done": true
  },
  "ars_nouveau:starby_charm": {
    "criteria": {
      "has_starbuncle_charm": "2024-06-08 17:04:11 -0600"
    },
    "done": true
  },
  "minecraft:adventure/avoid_vibration": {
    "criteria": {
      "avoid_vibration": "2024-06-08 17:10:00 -0600"
    },
    "done": true
  },
  "ars_nouveau:novice_spell_book": {
    "criteria": {
      "has_novice_spell_book": "2024-06-08 17:23:22 -0600"
    },
    "done": true
  },
  "tombstone:adventure/use_disenchantment": {
    "criteria": {
      "coded_trigger": "2024-06-08 17:26:56 -0600"
    },
    "done": true
  },
  "tombstone:adventure/consume_soul": {
    "criteria": {
      "coded_trigger": "2024-06-08 17:26:56 -0600"
    },
    "done": true
  },
  "ars_nouveau:enchanting_apparatus": {
    "criteria": {
      "has_enchanting_apparatus": "2024-06-08 17:35:47 -0600"
    },
    "done": true
  },
  "minecraft:husbandry/tactical_fishing": {
    "criteria": {
      "tropical_fish_bucket": "2024-06-08 17:55:10 -0600"
    },
    "done": true
  },
  "deeperdarker:main/root": {
    "criteria": {
      "deep_dark": "2024-06-08 18:03:36 -0600"
    },
    "done": true
  },
  "deeperdarker:main/find_ancient_city": {
    "criteria": {
      "ancient_city": "2024-06-08 18:03:40 -0600"
    },
    "done": true
  },
  "tombstone:adventure/mastery_1": {
    "criteria": {
      "coded_trigger": "2024-06-08 18:12:47 -0600"
    },
    "done": true
  },
  "iceandfire:iceandfire/kill_cyclops": {
    "criteria": {
      "killed_fire_dragon": "2024-06-08 18:14:22 -0600"
    },
    "done": true
  },
  "iceandfire:iceandfire/jar_pixie": {
    "criteria": {
      "jar": "2024-06-08 18:20:56 -0600"
    },
    "done": true
  },
  "inventorypets:1": {
    "criteria": {
      "example": "2024-06-08 18:22:19 -0600"
    },
    "done": true
  },
  "inventorypets:irongolem": {
    "criteria": {
      "crafting_table": "2024-06-08 18:22:19 -0600"
    },
    "done": true
  },
  "minecraft:adventure/voluntary_exile": {
    "criteria": {
      "voluntary_exile": "2024-06-08 18:26:13 -0600"
    },
    "done": true
  },
  "tombstone:adventure/mastery_2": {
    "criteria": {
      "coded_trigger": "2024-06-08 18:31:48 -0600"
    },
    "done": true
  },
  "iceandfire:iceandfire/dragonarmor": {
    "criteria": {
      "iron": "2024-06-08 18:33:59 -0600"
    },
    "done": true
  },
  "twilightforest:beanstalk": {
    "criteria": {
      "beans": "2024-06-08 18:37:41 -0600"
    },
    "done": false
  },
  "twilightforest:giants": {
    "criteria": {
      "pickaxe": "2024-06-08 18:37:41 -0600"
    },
    "done": false
  },
  "iceandfire:iceandfire/dragon_forge_brick": {
    "criteria": {
      "forge": "2024-06-08 18:39:29 -0600"
    },
    "done": true
  },
  "iceandfire:iceandfire/dragon_egg": {
    "criteria": {
      "egg": "2024-06-08 18:47:44 -0600"
    },
    "done": true
  },
  "minecraft:husbandry/tame_an_animal": {
    "criteria": {
      "tamed_animal": "2024-06-08 19:38:27 -0600"
    },
    "done": true
  },
  "iceandfire:iceandfire/dragon_horn": {
    "criteria": {
      "bestiary": "2024-06-08 19:41:29 -0600"
    },
    "done": true
  },
  "iceandfire:iceandfire/dragon_staff": {
    "criteria": {
      "bestiary": "2024-06-08 19:44:12 -0600"
    },
    "done": true
  },
  "create:andesite_alloy": {
    "criteria": {
      "0": "2024-06-08 19:49:48 -0600"
    },
    "done": true
  },
  "create:andesite_casing": {
    "criteria": {
      "0": "2024-06-08 19:50:31 -0600"
    },
    "done": true
  },
  "create:water_wheel": {
    "criteria": {
      "0": "2024-06-08 19:52:48 -0600"
    },
    "done": true
  },
  "create:speed_controller": {
    "criteria": {
      "0": "2024-06-08 19:56:00 -0600"
    },
    "done": true
  },
  "create:chute": {
    "criteria": {
      "0": "2024-06-08 19:59:12 -0600"
    },
    "done": true
  },
  "ae2:main/controller": {
    "criteria": {
      "certus": "2024-06-09 18:05:30 -0600"
    },
    "done": true
  },
  "ae2:main/portable_cell": {
    "criteria": {
      "pc_256k": "2024-06-09 18:12:18 -0600"
    },
    "done": true
  },
  "ae2:main/glass_cable": {
    "criteria": {
      "certus": "2024-06-09 18:20:50 -0600"
    },
    "done": true
  },
  "ae2:main/pattern_encoding_terminal": {
    "criteria": {
      "certus": "2024-06-09 18:21:16 -0600"
    },
    "done": true
  },
  "ae2:main/crafting_terminal": {
    "criteria": {
      "certus": "2024-06-09 18:21:46 -0600"
    },
    "done": true
  },
  "ae2:main/network1": {
    "criteria": {
      "cable": "2024-06-09 18:28:08 -0600"
    },
    "done": true
  },
  "ae2:main/charger": {
    "criteria": {
      "certus": "2024-06-09 19:16:14 -0600"
    },
    "done": true
  },
  "ae2:main/fluix": {
    "criteria": {
      "certus": "2024-06-09 19:22:10 -0600"
    },
    "done": true
  },
  "ae2:main/compass": {
    "criteria": {
      "compass": "2024-06-09 19:22:22 -0600"
    },
    "done": true
  },
  "ae2:main/presses": {
    "criteria": {
      "silicon": "2024-06-09 19:35:17 -0600",
      "engineering": "2024-06-09 19:22:55 -0600"
    },
    "done": false
  },
  "mekanism:reinforced_alloy": {
    "criteria": {
      "alloy_reinforced": "2024-06-15 23:28:59 -0600"
    },
    "done": true
  },
  "productivebees:husbandry/bee_cage/overworld_nest": {
    "criteria": {
      "get_item": "2024-06-15 23:32:24 -0600"
    },
    "done": true
  },
  "refinedstorage:storing_externally": {
    "criteria": {
      "external_storage_in_inventory": "2024-06-15 22:16:10 -0600"
    },
    "done": true
  },
  "refinedstorage:exporting": {
    "criteria": {
      "exporter_in_inventory": "2024-06-15 22:14:37 -0600"
    },
    "done": true
  },
  "ars_nouveau:warp_scroll": {
    "criteria": {
      "has_warp_scroll": "2024-06-15 23:32:23 -0600"
    },
    "done": true
  },
  "iceandfire:iceandfire/dragon_meal": {
    "criteria": {
      "bestiary": "2024-06-15 23:26:16 -0600"
    },
    "done": true
  },
  "ae2:main/root": {
    "criteria": {
      "copper": "2024-06-15 23:38:28 -0600"
    },
    "done": true
  },
  "ae2:main/storage_cell": {
    "criteria": {
      "c256k": "2024-06-15 22:02:11 -0600"
    },
    "done": true
  },
  "DataVersion": 3465
}