{
  "comforts:sleeping_bag_light_blue": {
    "criteria": {
      "has_the_recipe": "2024-06-01 16:33:50 -0600"
    },
    "done": true
  },
  "iceandfire:iceandfire/root": {
    "criteria": {
      "tick": "2024-06-01 16:33:50 -0600"
    },
    "done": true
  },
  "comforts:hammock_purple": {
    "criteria": {
      "has_the_recipe": "2024-06-01 16:33:50 -0600"
    },
    "done": true
  },
  "comforts:sleeping_bag_pink": {
    "criteria": {
      "has_the_recipe": "2024-06-01 16:33:50 -0600"
    },
    "done": true
  },
  "comforts:hammock_magenta": {
    "criteria": {
      "has_the_recipe": "2024-06-01 16:33:50 -0600"
    },
    "done": true
  },
  "comforts:hammock_red": {
    "criteria": {
      "has_the_recipe": "2024-06-01 16:33:50 -0600"
    },
    "done": true
  },
  "comforts:sleeping_bag_white": {
    "criteria": {
      "has_the_recipe": "2024-06-01 16:33:50 -0600"
    },
    "done": true
  },
  "comforts:sleeping_bag_gray": {
    "criteria": {
      "has_the_recipe": "2024-06-01 16:33:50 -0600"
    },
    "done": true
  },
  "comforts:rope_and_nail": {
    "criteria": {
      "has_the_recipe": "2024-06-01 16:33:50 -0600"
    },
    "done": true
  },
  "comforts:sleeping_bag_cyan": {
    "criteria": {
      "has_the_recipe": "2024-06-01 16:33:50 -0600"
    },
    "done": true
  },
  "comforts:sleeping_bag_light_gray": {
    "criteria": {
      "has_the_recipe": "2024-06-01 16:33:50 -0600"
    },
    "done": true
  },
  "comforts:hammock_black": {
    "criteria": {
      "has_the_recipe": "2024-06-01 16:33:50 -0600"
    },
    "done": true
  },
  "ars_nouveau:root": {
    "criteria": {
      "ars_nouveau:worn_notebook": "2024-06-01 16:33:50 -0600"
    },
    "done": true
  },
  "farmersdelight:main/root": {
    "criteria": {
      "seeds": "2024-06-01 16:33:50 -0600"
    },
    "done": true
  },
  "create:root": {
    "criteria": {
      "0": "2024-06-01 16:33:50 -0600"
    },
    "done": true
  },
  "comforts:hammock_gray": {
    "criteria": {
      "has_the_recipe": "2024-06-01 16:33:50 -0600"
    },
    "done": true
  },
  "comforts:hammock_cyan": {
    "criteria": {
      "has_the_recipe": "2024-06-01 16:33:50 -0600"
    },
    "done": true
  },
  "comforts:sleeping_bag_purple": {
    "criteria": {
      "has_the_recipe": "2024-06-01 16:33:50 -0600"
    },
    "done": true
  },
  "comforts:sleeping_bag_green": {
    "criteria": {
      "has_the_recipe": "2024-06-01 16:33:50 -0600"
    },
    "done": true
  },
  "comforts:hammock_light_blue": {
    "criteria": {
      "has_the_recipe": "2024-06-01 16:33:50 -0600"
    },
    "done": true
  },
  "comforts:sleeping_bag_magenta": {
    "criteria": {
      "has_the_recipe": "2024-06-01 16:33:50 -0600"
    },
    "done": true
  },
  "comforts:hammock_green": {
    "criteria": {
      "has_the_recipe": "2024-06-01 16:33:50 -0600"
    },
    "done": true
  },
  "repurposed_structures:root": {
    "criteria": {
      "always": "2024-06-01 16:33:50 -0600"
    },
    "done": true
  },
  "comforts:sleeping_bag_black": {
    "criteria": {
      "has_the_recipe": "2024-06-01 16:33:50 -0600"
    },
    "done": true
  },
  "comforts:hammock_lime": {
    "criteria": {
      "has_the_recipe": "2024-06-01 16:33:50 -0600"
    },
    "done": true
  },
  "comforts:sleeping_bag_red": {
    "criteria": {
      "has_the_recipe": "2024-06-01 16:33:50 -0600"
    },
    "done": true
  },
  "comforts:sleeping_bag_orange": {
    "criteria": {
      "has_the_recipe": "2024-06-01 16:33:50 -0600"
    },
    "done": true
  },
  "mekanism:root": {
    "criteria": {
      "automatic": "2024-06-01 16:33:50 -0600"
    },
    "done": true
  },
  "comforts:hammock_blue": {
    "criteria": {
      "has_the_recipe": "2024-06-01 16:33:50 -0600"
    },
    "done": true
  },
  "travelersbackpack:standard_from_custom": {
    "criteria": {
      "has_the_recipe": "2024-06-01 16:33:50 -0600"
    },
    "done": true
  },
  "comforts:hammock_white": {
    "criteria": {
      "has_the_recipe": "2024-06-01 16:33:50 -0600"
    },
    "done": true
  },
  "mowziesmobs:root": {
    "criteria": {
      "custom_test_name": "2024-06-01 16:33:50 -0600"
    },
    "done": true
  },
  "comforts:hammock_light_gray": {
    "criteria": {
      "has_the_recipe": "2024-06-01 16:33:50 -0600"
    },
    "done": true
  },
  "comforts:sleeping_bag_brown": {
    "criteria": {
      "has_the_recipe": "2024-06-01 16:33:50 -0600"
    },
    "done": true
  },
  "lootr:root": {
    "criteria": {
      "always_true": "2024-06-01 16:33:50 -0600"
    },
    "done": true
  },
  "comforts:hammock_pink": {
    "criteria": {
      "has_the_recipe": "2024-06-01 16:33:50 -0600"
    },
    "done": true
  },
  "comforts:hammock_brown": {
    "criteria": {
      "has_the_recipe": "2024-06-01 16:33:50 -0600"
    },
    "done": true
  },
  "comforts:sleeping_bag_lime": {
    "criteria": {
      "has_the_recipe": "2024-06-01 16:33:50 -0600"
    },
    "done": true
  },
  "comforts:hammock_yellow": {
    "criteria": {
      "has_the_recipe": "2024-06-01 16:33:50 -0600"
    },
    "done": true
  },
  "comforts:sleeping_bag_blue": {
    "criteria": {
      "has_the_recipe": "2024-06-01 16:33:50 -0600"
    },
    "done": true
  },
  "comforts:sleeping_bag_yellow": {
    "criteria": {
      "has_the_recipe": "2024-06-01 16:33:50 -0600"
    },
    "done": true
  },
  "comforts:hammock_orange": {
    "criteria": {
      "has_the_recipe": "2024-06-01 16:33:50 -0600"
    },
    "done": true
  },
  "biomesoplenty:biomesoplenty/root": {
    "criteria": {
      "grassland": "2024-06-01 16:33:51 -0600"
    },
    "done": true
  },
  "inventorypets:root": {
    "criteria": {
      "auto": "2024-06-01 16:33:51 -0600"
    },
    "done": true
  },
  "biomesoplenty:biomesoplenty/all_biomes": {
    "criteria": {
      "muskeg": "2024-06-08 18:28:57 -0600",
      "shrubland": "2024-06-01 17:46:41 -0600",
      "snowblossom_grove": "2024-06-08 18:15:13 -0600",
      "rocky_shrubland": "2024-06-01 17:47:37 -0600",
      "highland": "2024-06-05 19:19:19 -0600",
      "maple_woods": "2024-06-01 18:57:59 -0600",
      "field": "2024-06-01 16:42:28 -0600",
      "coniferous_forest": "2024-06-01 18:15:41 -0600",
      "forested_field": "2024-06-01 16:56:12 -0600",
      "spider_nest": "2024-06-05 19:19:59 -0600",
      "seasonal_orchard": "2024-06-08 18:04:31 -0600",
      "seasonal_forest": "2024-06-01 19:05:45 -0600",
      "fir_clearing": "2024-06-02 19:34:58 -0600",
      "pumpkin_patch": "2024-06-01 19:10:51 -0600",
      "grassland": "2024-06-01 16:33:51 -0600",
      "tundra": "2024-06-08 18:04:17 -0600",
      "crag": "2024-06-01 17:48:05 -0600",
      "ominous_woods": "2024-06-01 18:37:04 -0600"
    },
    "done": false
  },
  "tombstone:adventure/root": {
    "criteria": {
      "auto": "2024-06-01 16:33:51 -0600"
    },
    "done": true
  },
  "lootr:1chest": {
    "criteria": {
      "opened_chest": "2024-06-01 16:34:40 -0600"
    },
    "done": true
  },
  "lootr:social": {
    "criteria": {
      "opened_barrel": "2024-06-01 16:53:49 -0600",
      "opened_chest": "2024-06-01 16:34:40 -0600"
    },
    "done": false
  },
  "minecraft:story/upgrade_tools": {
    "criteria": {
      "stone_pickaxe": "2024-06-01 16:34:49 -0600"
    },
    "done": true
  },
  "artifacts:amateur_archaeologist": {
    "criteria": {
      "find_artifact": "2024-06-01 16:34:51 -0600"
    },
    "done": true
  },
  "minecraft:adventure/adventuring_time": {
    "criteria": {
      "minecraft:snowy_slopes": "2024-06-08 18:02:27 -0600",
      "minecraft:old_growth_pine_taiga": "2024-06-01 16:53:05 -0600",
      "minecraft:taiga": "2024-06-01 17:43:18 -0600",
      "minecraft:frozen_river": "2024-06-08 18:52:32 -0600",
      "minecraft:beach": "2024-06-01 16:42:37 -0600",
      "minecraft:dark_forest": "2024-06-01 16:53:15 -0600",
      "minecraft:river": "2024-06-01 16:49:26 -0600",
      "minecraft:dripstone_caves": "2024-06-08 19:09:01 -0600",
      "minecraft:cold_ocean": "2024-06-01 16:52:38 -0600",
      "autumnity:autumnity:maple_forest": "2024-06-01 18:17:14 -0600",
      "minecraft:ocean": "2024-06-01 17:05:00 -0600",
      "minecraft:frozen_peaks": "2024-06-08 18:14:01 -0600",
      "minecraft:deep_dark": "2024-06-08 18:51:48 -0600",
      "minecraft:meadow": "2024-06-08 18:07:37 -0600",
      "minecraft:plains": "2024-06-08 18:08:56 -0600",
      "autumnity:autumnity:pumpkin_fields": "2024-06-01 18:17:40 -0600"
    },
    "done": false
  },
  "minecraft:story/obtain_armor": {
    "criteria": {
      "iron_boots": "2024-06-01 16:43:13 -0600"
    },
    "done": true
  },
  "farmersdelight:main/get_fd_seed": {
    "criteria": {
      "rice": "2024-06-01 16:43:16 -0600"
    },
    "done": true
  },
  "minecraft:story/smelt_iron": {
    "criteria": {
      "iron": "2024-06-01 16:43:44 -0600"
    },
    "done": true
  },
  "minecraft:adventure/sleep_in_bed": {
    "criteria": {
      "slept_in_bed": "2024-06-01 16:45:40 -0600"
    },
    "done": true
  },
  "aquamirae:adventure/root": {
    "criteria": {
      "crafting_table": "2024-06-01 16:45:59 -0600"
    },
    "done": true
  },
  "minecraft:story/root": {
    "criteria": {
      "crafting_table": "2024-06-01 16:45:59 -0600"
    },
    "done": true
  },
  "minecraft:adventure/trade": {
    "criteria": {
      "traded": "2024-06-01 16:48:01 -0600"
    },
    "done": true
  },
  "minecraft:story/mine_diamond": {
    "criteria": {
      "diamond": "2024-06-01 16:52:23 -0600"
    },
    "done": true
  },
  "minecraft:husbandry/balanced_diet": {
    "criteria": {
      "baked_potato": "2024-06-02 19:30:26 -0600",
      "cookie": "2024-06-01 18:35:16 -0600",
      "bread": "2024-06-01 16:53:11 -0600",
      "carrot": "2024-06-01 18:29:26 -0600"
    },
    "done": false
  },
  "minecraft:husbandry/root": {
    "criteria": {
      "consumed_item": "2024-06-01 16:53:11 -0600"
    },
    "done": true
  },
  "lootr:1barrel": {
    "criteria": {
      "opened_barrel": "2024-06-01 16:53:49 -0600"
    },
    "done": true
  },
  "lootr:10loot": {
    "criteria": {
      "loot_stat": "2024-06-01 16:54:09 -0600"
    },
    "done": true
  },
  "minecraft:adventure/root": {
    "criteria": {
      "killed_something": "2024-06-01 16:57:17 -0600"
    },
    "done": true
  },
  "minecraft:adventure/kill_all_mobs": {
    "criteria": {
      "minecraft:pillager": "2024-06-08 18:25:36 -0600",
      "minecraft:skeleton": "2024-06-01 17:00:15 -0600",
      "minecraft:spider": "2024-06-01 16:59:10 -0600",
      "minecraft:creeper": "2024-06-01 17:12:45 -0600",
      "minecraft:slime": "2024-06-02 19:25:07 -0600",
      "quark:forgotten": "2024-06-08 16:29:59 -0600",
      "minecraft:wither_skeleton": "2024-06-02 20:01:13 -0600",
      "minecraft:cave_spider": "2024-06-08 17:04:08 -0600",
      "minecraft:silverfish": "2024-06-02 20:01:04 -0600",
      "minecraft:stray": "2024-06-02 19:55:45 -0600",
      "minecraft:zombie": "2024-06-01 16:59:50 -0600",
      "minecraft:zombie_villager": "2024-06-01 17:23:39 -0600"
    },
    "done": false
  },
  "minecraft:adventure/kill_a_mob": {
    "criteria": {
      "minecraft:spider": "2024-06-01 16:59:10 -0600"
    },
    "done": true
  },
  "tombstone:adventure/find_grave_dust": {
    "criteria": {
      "from_undead": "2024-06-01 16:59:53 -0600"
    },
    "done": true
  },
  "tombstone:recipes/from_grave_dust": {
    "criteria": {
      "has_ingredient": "2024-06-01 16:59:53 -0600"
    },
    "done": true
  },
  "iceandfire:iceandfire/gorgon_head": {
    "criteria": {
      "bestiary": "2024-06-01 17:15:39 -0600"
    },
    "done": true
  },
  "minecraft:story/mine_stone": {
    "criteria": {
      "get_stone": "2024-06-01 17:16:42 -0600"
    },
    "done": true
  },
  "tombstone:adventure/first_knowledge": {
    "criteria": {
      "coded_trigger": "2024-06-01 17:21:37 -0600"
    },
    "done": true
  },
  "tombstone:adventure/ashes_and_bones": {
    "criteria": {
      "coded_trigger": "2024-06-01 17:21:37 -0600"
    },
    "done": true
  },
  "enemyexpansion:hunted": {
    "criteria": {
      "hunted_0": "2024-06-01 17:22:23 -0600"
    },
    "done": true
  },
  "mekanismadditions:hurt_by_babies": {
    "criteria": {
      "baby_enderman": "2024-06-01 17:24:27 -0600",
      "baby_skeleton": "2024-06-01 19:36:58 -0600",
      "baby_creeper": "2024-06-05 19:40:42 -0600"
    },
    "done": false
  },
  "tombstone:adventure/choose_knowledge": {
    "criteria": {
      "coded_trigger": "2024-06-01 17:25:19 -0600"
    },
    "done": true
  },
  "tombstone:adventure/cancel_ghostly_shape": {
    "criteria": {
      "coded_trigger": "2024-06-01 17:25:44 -0600"
    },
    "done": true
  },
  "minecraft:story/iron_tools": {
    "criteria": {
      "iron_pickaxe": "2024-06-01 17:28:31 -0600"
    },
    "done": true
  },
  "farmersdelight:main/craft_knife": {
    "criteria": {
      "bone_knife": "2024-06-01 17:31:39 -0600"
    },
    "done": true
  },
  "farmersdelight:main/plant_all_crops": {
    "criteria": {
      "sweet_berries": "2024-06-01 18:39:05 -0600",
      "wheat": "2024-06-09 17:55:08 -0600",
      "carrot": "2024-06-01 17:44:43 -0600"
    },
    "done": false
  },
  "quark:get_all_corundum": {
    "criteria": {
      "blue": "2024-06-02 18:52:34 -0600",
      "yellow": "2024-06-01 17:47:43 -0600"
    },
    "done": false
  },
  "iceandfire:iceandfire/kill_ghost": {
    "criteria": {
      "killed_fire_dragon": "2024-06-01 17:53:13 -0600"
    },
    "done": true
  },
  "create:copper": {
    "criteria": {
      "0": "2024-06-01 18:00:30 -0600"
    },
    "done": true
  },
  "mekanism:materials": {
    "criteria": {
      "material": "2024-06-01 18:08:26 -0600"
    },
    "done": true
  },
  "botania:challenge/root": {
    "criteria": {
      "flower": "2024-06-01 18:16:34 -0600"
    },
    "done": true
  },
  "botania:main/root": {
    "criteria": {
      "flower": "2024-06-01 18:16:34 -0600"
    },
    "done": true
  },
  "botania:main/flower_pickup_lexicon": {
    "criteria": {
      "flower": "2024-06-01 18:16:34 -0600"
    },
    "done": true
  },
  "botania:main/flower_pickup": {
    "criteria": {
      "flower": "2024-06-01 18:16:34 -0600"
    },
    "done": true
  },
  "lootr:25loot": {
    "criteria": {
      "loot_stat": "2024-06-01 18:21:54 -0600"
    },
    "done": true
  },
  "lootr:50loot": {
    "criteria": {
      "loot_stat": "2024-06-01 18:30:48 -0600"
    },
    "done": true
  },
  "tombstone:adventure/chain_death": {
    "criteria": {
      "coded_trigger": "2024-06-01 18:59:13 -0600"
    },
    "done": true
  },
  "iceandfire:iceandfire/kill_if_dragon": {
    "criteria": {
      "killed_ice_dragon": "2024-06-01 19:02:55 -0600"
    },
    "done": true
  },
  "mekanismadditions:not_the_babies": {
    "criteria": {
      "baby_skeleton": "2024-06-01 19:37:05 -0600"
    },
    "done": true
  },
  "dungeons_arise:wda_root": {
    "criteria": {
      "WDA": "2024-06-02 18:33:33 -0600"
    },
    "done": true
  },
  "minecraft:story/shiny_gear": {
    "criteria": {
      "diamond_chestplate": "2024-06-02 18:41:29 -0600"
    },
    "done": true
  },
  "tombstone:adventure/create_magic_scroll": {
    "criteria": {
      "has_magic_scroll": "2024-06-02 19:06:13 -0600"
    },
    "done": true
  },
  "tombstone:adventure/bone_crusher": {
    "criteria": {
      "coded_trigger": "2024-06-02 19:13:27 -0600"
    },
    "done": true
  },
  "minecraft:adventure/avoid_vibration": {
    "criteria": {
      "avoid_vibration": "2024-06-02 19:43:32 -0600"
    },
    "done": true
  },
  "lootr:100loot": {
    "criteria": {
      "loot_stat": "2024-06-02 19:44:39 -0600"
    },
    "done": true
  },
  "tombstone:adventure/create_magic_tablet": {
    "criteria": {
      "has_magic_tablet": "2024-06-02 19:45:44 -0600"
    },
    "done": true
  },
  "tombstone:adventure/strong_or_careful": {
    "criteria": {
      "coded_trigger": "2024-06-02 20:20:08 -0600"
    },
    "done": true
  },
  "mekanism:metallurgic_infuser": {
    "criteria": {
      "metallurgic_infuser": "2024-06-04 18:30:42 -0600"
    },
    "done": true
  },
  "mekanism:steel_ingot": {
    "criteria": {
      "ingot_steel": "2024-06-04 18:59:24 -0600"
    },
    "done": true
  },
  "mekanism:energy_transport": {
    "criteria": {
      "basic_universal_cable": "2024-06-04 18:59:32 -0600"
    },
    "done": true
  },
  "mekanism:infused_alloy": {
    "criteria": {
      "alloy_infused": "2024-06-04 19:04:08 -0600"
    },
    "done": true
  },
  "mekanism:energy_cube": {
    "criteria": {
      "basic_energy_cube": "2024-06-04 19:11:57 -0600"
    },
    "done": true
  },
  "minecraft:story/lava_bucket": {
    "criteria": {
      "lava_bucket": "2024-06-04 19:36:56 -0600"
    },
    "done": true
  },
  "minecraft:adventure/shoot_arrow": {
    "criteria": {
      "shot_arrow": "2024-06-04 19:50:19 -0600"
    },
    "done": true
  },
  "mekanismgenerators:solar_generator": {
    "criteria": {
      "solar_generator": "2024-06-04 20:12:13 -0600"
    },
    "done": true
  },
  "minecraft:adventure/kill_mob_near_sculk_catalyst": {
    "criteria": {
      "kill_mob_near_sculk_catalyst": "2024-06-04 20:46:33 -0600"
    },
    "done": true
  },
  "tombstone:adventure/first_grave": {
    "criteria": {
      "coded_trigger": "2024-06-05 17:47:55 -0600"
    },
    "done": true
  },
  "tombstone:recipes/from_grave_key": {
    "criteria": {
      "has_ingredient": "2024-06-05 17:47:57 -0600"
    },
    "done": true
  },
  "tombstone:adventure/enchant_grave_key": {
    "criteria": {
      "has_upgraded_grave_key": "2024-06-05 17:47:57 -0600"
    },
    "done": true
  },
  "tombstone:adventure/teleport_to_grave": {
    "criteria": {
      "coded_trigger": "2024-06-05 17:48:04 -0600"
    },
    "done": true
  },
  "tombstone:adventure/use_disenchantment": {
    "criteria": {
      "coded_trigger": "2024-06-05 18:01:40 -0600"
    },
    "done": true
  },
  "tombstone:adventure/consume_soul": {
    "criteria": {
      "coded_trigger": "2024-06-05 18:01:40 -0600"
    },
    "done": true
  },
  "minecraft:story/form_obsidian": {
    "criteria": {
      "obsidian": "2024-06-05 19:29:14 -0600"
    },
    "done": true
  },
  "iceandfire:iceandfire/kill_troll": {
    "criteria": {
      "killed_fire_dragon": "2024-06-05 19:38:11 -0600"
    },
    "done": true
  },
  "quark:get_forgotten_hat": {
    "criteria": {
      "get_forgotten_hat": "2024-06-08 16:30:03 -0600"
    },
    "done": true
  },
  "alexsmobs:alexsmobs/ghostly_pickaxe": {
    "criteria": {
      "ghostly_pickaxe": "2024-06-08 17:00:17 -0600"
    },
    "done": true
  },
  "artifacts:chest_slayer": {
    "criteria": {
      "kill_mimic": "2024-06-08 17:06:01 -0600"
    },
    "done": true
  },
  "botania:main/lexicon_use": {
    "criteria": {
      "use_lexicon": "2024-06-08 17:13:32 -0600"
    },
    "done": true
  },
  "ars_nouveau:warp_scroll": {
    "criteria": {
      "has_warp_scroll": "2024-06-08 17:16:49 -0600"
    },
    "done": true
  },
  "tombstone:adventure/create_voodoo_poppet": {
    "criteria": {
      "has_voodoo_poppet": "2024-06-08 17:17:50 -0600"
    },
    "done": true
  },
  "tombstone:adventure/enchant_voodoo_poppet": {
    "criteria": {
      "has_enchanted_voodoo_poppet": "2024-06-08 17:17:50 -0600"
    },
    "done": true
  },
  "ars_nouveau:novice_spell_book": {
    "criteria": {
      "has_novice_spell_book": "2024-06-08 17:26:17 -0600"
    },
    "done": true
  },
  "minecraft:husbandry/tactical_fishing": {
    "criteria": {
      "tropical_fish_bucket": "2024-06-08 17:56:39 -0600"
    },
    "done": true
  },
  "productivebees:husbandry/bee_cage/overworld_nest": {
    "criteria": {
      "get_item": "2024-06-08 18:20:48 -0600"
    },
    "done": true
  },
  "tombstone:adventure/ambush": {
    "criteria": {
      "coded_trigger": "2024-06-08 18:25:36 -0600"
    },
    "done": true
  },
  "deeperdarker:main/root": {
    "criteria": {
      "deep_dark": "2024-06-08 18:51:48 -0600"
    },
    "done": true
  },
  "tombstone:adventure/prevent_death_fall": {
    "criteria": {
      "coded_trigger": "2024-06-08 19:11:20 -0600"
    },
    "done": true
  },
  "tombstone:adventure/death_master": {
    "criteria": {
      "has_prevent_fall": "2024-06-08 19:11:20 -0600"
    },
    "done": false
  },
  "iceandfire:iceandfire/dragon_egg": {
    "criteria": {
      "egg": "2024-06-08 19:23:10 -0600"
    },
    "done": true
  },
  "iceandfire:iceandfire/dragon_horn": {
    "criteria": {
      "bestiary": "2024-06-08 19:41:37 -0600"
    },
    "done": true
  },
  "iceandfire:iceandfire/dragon_flute": {
    "criteria": {
      "bestiary": "2024-06-08 19:41:47 -0600"
    },
    "done": true
  },
  "iceandfire:iceandfire/dragon_staff": {
    "criteria": {
      "bestiary": "2024-06-08 19:43:52 -0600"
    },
    "done": true
  },
  "minecraft:husbandry/tame_an_animal": {
    "criteria": {
      "tamed_animal": "2024-06-08 19:45:35 -0600"
    },
    "done": true
  },
  "farmersdelight:main/use_cutting_board": {
    "criteria": {
      "cutting_board": "2024-06-08 19:54:59 -0600"
    },
    "done": true
  },
  "iceandfire:iceandfire/dragon_meal": {
    "criteria": {
      "bestiary": "2024-06-08 19:55:49 -0600"
    },
    "done": true
  },
  "minecraft:husbandry/bred_all_animals": {
    "criteria": {
      "minecraft:cow": "2024-06-08 20:15:29 -0600"
    },
    "done": false
  },
  "minecraft:husbandry/breed_an_animal": {
    "criteria": {
      "bred": "2024-06-08 20:15:29 -0600"
    },
    "done": true
  },
  "mekanism:reinforced_alloy": {
    "criteria": {
      "alloy_reinforced": "2024-06-09 18:05:18 -0600"
    },
    "done": true
  },
  "iceandfire:iceandfire/dragon_forge_brick": {
    "criteria": {
      "forge": "2024-06-09 19:16:09 -0600"
    },
    "done": true
  },
  "iceandfire:iceandfire/dragon_forge_core": {
    "criteria": {
      "core": "2024-06-09 19:17:39 -0600"
    },
    "done": true
  },
  "minecraft:husbandry/plant_seed": {
    "criteria": {
      "wheat": "2024-06-09 17:55:08 -0600"
    },
    "done": true
  },
  "ae2:main/root": {
    "criteria": {
      "copper": "2024-06-09 19:11:35 -0600"
    },
    "done": true
  },
  "DataVersion": 3465
}